"Notice publication number","Publication date",Title,"Official name","Type of procedure","The contract is awarded within a framework agreement","Identifier of the contract",Title,"Lot technical ID","Number of tenders or requests to participate received","Contractor awarded","Value of the tender","Value of the lowest admissible tender","Value of the highest admissible tender",Currency
1776-2025,"03/01/2025 (UTC+01)","France – Insurance services – Marché de services d'assurances","COMITÉ DES AGES",Open,,"2024 LOT1",,LOT-0001,,"SHAM ""RELYENS""","5 442,87",,,EUR
1776-2025,"03/01/2025 (UTC+01)","France – Insurance services – Marché de services d'assurances","COMITÉ DES AGES",Open,,"2024 LOT 2",,LOT-0002,,"SHAM ""RELYENS""","619,85",,,EUR
1776-2025,"03/01/2025 (UTC+01)","France – Insurance services – Marché de services d'assurances","COMITÉ DES AGES",Open,,,,LOT-0003,,"Not Awarded",," "," ",
1776-2025,"03/01/2025 (UTC+01)","France – Insurance services – Marché de services d'assurances","COMITÉ DES AGES",Open,,"2024 LOT 4",,LOT-0004,,GROUPAMA,"20 707,11",,,EUR
1776-2025,"03/01/2025 (UTC+01)","France – Insurance services – Marché de services d'assurances","COMITÉ DES AGES",Open,,"2024 LOT 5",,LOT-0005,,"RELYENS SPS","38 376,39",,,EUR
1776-2025,"03/01/2025 (UTC+01)","France – Insurance services – Marché de services d'assurances","COMITÉ DES AGES",Open,,"2024 LOT 6",,LOT-0006,,"CYBER COVER","2 281,81",,,EUR
3747-2025,"03/01/2025 (UTC+01)","Serbia – Surveillance and security systems and devices – Supply of equipment for border management","European Union, represented by the European Commission on behalf of and for the account of Serbia",Open,,2024/460-538,,LOT-0003,,"GridX d.o.o.",," "," ",
3772-2025,"03/01/2025 (UTC+01)","Serbia – Surveillance and security systems and devices – Supply of equipment for border management","European Union, represented by the European Commission on behalf of and for the account of Serbia",Open,,,,LOT-0001,,"Not Awarded",," "," ",
5067-2025,"06/01/2025 (UTC+01)","Belgium, Luxembourg, France, Netherlands, Czechia, Germany, Spain – Office supplies – Fourniture d’articles de bureau et de la petite enfance, de papier à copier ainsi que de consommables informatiques et pour imprimerie.","Commission européenne, OIB - Office for Infrastructure and Logistics in Brussels, Cour des comptes, OMBUDSMAN - European Ombudsman, European Education and Culture Executive Agency (EACEA), European Research Executive Agency (REA), EURSC - European Schools, Eurojust, European Banking Authority, European Defence Agency, European Public Prosecutor’s Office, European Securities and Markets Authority, European Union Agency for Law Enforcement Cooperation, European Union Agency for the Space Programme, European Union Aviation Safety Agency, F4E - Fusion for Energy Joint Undertaking, Translation Centre for the Bodies of the European Union, Committee of the Regions of the European Union, European Economic and Social Committee",Open,,"EC-OIB/2024/OP/0049/C0/L0",,LOT-0001,,"LYRECO BELGIUM SA",," "," ",
5953-2025,"07/01/2025 (UTC+01)","Luxembourg – Repair and maintenance services of building installations – Maintenance des installations électriques, de détection et d'extinction incendie.","Commission européenne, OIL - Office Infrastructures et Logistique à Luxembourg",Open,,EC-OIL/2024/OP/0006,,LOT-0001,,"SOCOM SA",," "," ",
6327-2025,"07/01/2025 (UTC+01)","Bangladesh – Research and development services and related consultancy services – Supporting the National Parliament to kick-start the Bangladesh Institute of Parliamentary Studies (BIPS) - Strengthening the Law-Making Process in the National Parliament","European Commission, INTPA - International Partnerships","Negotiated without prior call for competition",,"NDICI ASIA/2024/457-597",,LOT-0001,,"CENTRE FOR POLICY DIALOGUE",," "," ",
6952-2025,"07/01/2025 (UTC+01)","Belgium – IT services: consulting, software development, Internet and support – RecFishing: an electronic system for catch reporting of recreational fisheries","European Commission, DG MARE - Maritime Affairs and Fisheries",Open,,EC-MARE/2024/OP/0003,,LOT-0001,,"Halieuticom---BIZZDEV SA",," "," ",
8288-2025,"08/01/2025 (UTC+01)","Mongolia – Public relations consultancy services – Strategic Communication of EU Delegation to Mongolia","European Commission, INTPA - International Partnerships",Restricted,,"NDICI ASIA 2024/462-587",,LOT-0001,,"LANDELL MILLS INTERNATIONAL LIMITED",," "," ",
8589-2025,"08/01/2025 (UTC+01)","China – Research and development consultancy services – EU-China International Development Platform","European Commission, INTPA - International Partnerships",Restricted,,NDICIASIA/2024/461-199,,LOT-0001,,"GOPA WORLDWIDE CONSULTANTS GMBH",," "," ",
8764-2025,"08/01/2025 (UTC+01)","Belgium – Environmental services – Birds in the EU: Status and trends assessment, EU Red List 2026","European Commission, DG ENV - Environment",Open,,"090201/2024/928459/SER/ENV.D3",,LOT-0001,,"STICHTING BIRDLIFE EUROPE---BIRDLIFE INTERNATIONAL",," "," ",
9016-2025,"08/01/2025 (UTC+01)","Belgium – Accident and health insurance services – Provision of sickness and accident insurance services for Conference Interpreting Agents (ACIs)","European Commission, DG SCIC - Interpretation",Open,,EC-SCIC/2024/OP/0001,,LOT-0001,,"HENNER---MUTUELLE GENERALE DE l'EDUCATION NATIONALE",," "," ",
9351-2025,"08/01/2025 (UTC+01)","China – Research and development services and related consultancy services – EU-China Cooperation on Environment and Green Economy","European Commission, INTPA - International Partnerships",Restricted,,"NDICI ASIA/2024/462-283",,LOT-0001,,"DEUTSCHE GESELLSCHAFT FUR INTERNATIONALE ZUSAMMENARBEIT (GIZ) GMBH---STIFTELSEN THE STOCKHOLM ENVIRONMENT INSTITUTE",," "," ",
9687-2025,"08/01/2025 (UTC+01)","Belgium – Research and development services and related consultancy services – Preparatory Action - Support Service for citizens led renovation projects","European Commission, DG ENER - Energy",Open,,"EC-ENER/2024/OP/0038 - ENER/B3/2023-514 & 2024-446",,LOT-0001,,"ALTER ALSACE ENERGIES---ENERGY CITIES/ENERGIE-CITES ASSOCIATION---CITY OF DUBLIN ENERGY MANAGEMENT AGENCY LIMITED---AUVERGNE-RHONE-ALPES ENERGIE ENVIRONNEMENT---AGENZIA PER L'ENERGIA E LO SVILUPPO SOSTENIBILE ASSOCIAZIONE---FEDERATION EUROPEENNE DES AGENCES ET DES REGIONS POUR L'ENERGIE ET L'ENVIRONNEMENT---FUNDACIO DE LA COMUNITAT VALENCIANA VALENCIA CLIMA I ENERGIA---REGIONALNA ENERGETSKO-KLIMATSKA AGENCIJA SJEVEROZAPADNE HRVATSKE",," "," ",
12643-2025,"09/01/2025 (UTC+01)","Belgium – Environmental services – Capacity building in pollinator taxonomy","European Commission, DG ENV - Environment",Open,,"090201/2024/927784/SER/ENV.D2",,LOT-0003,,"UK CENTRE FOR ECOLOGY & HYDROLOGY",," "," ",
12706-2025,"09/01/2025 (UTC+01)","Luxembourg – Statistical services – Support to the adoption of SDMX 3.0","European Commission, DG ESTAT - Eurostat",Open,,2023.0406,,LOT-0001,,"HMS Analytical Software GmbH",," "," ",
13655-2025,"09/01/2025 (UTC+01)","Belgium – Environmental services – Capacity building in pollinator taxonomy","European Commission, DG ENV - Environment",Open,,"090201/2024/927644/SER/ENV.D2",,LOT-0001,,"UNIVERSITE DE MONS",," "," ",
14237-2025,"09/01/2025 (UTC+01)","Belgium – Environmental services – Capacity building in pollinator taxonomy","European Commission, DG ENV - Environment",Open,,"090201/2024/927759/SER/ENV.D2",,LOT-0002,,"HELSINGIN YLIOPISTO---UNIVERSIDAD DE ALICANTE---European Invertebrate Survey - Nederland---UNIVERSITE DE MONS---University of Novi Sad Faculty of Sciences",," "," ",
14261-2025,"09/01/2025 (UTC+01)","Cabo Verde – Business and management consultancy and related services – Technical Cooperation Platform for an inclusive Green Growth TEI","European Commission, INTPA - International Partnerships",Restricted,,"NDICI AFRICA/2024/461850",,LOT-0001,,"CESO CI INTERNACIONAL SA---PDConsult---GOPA WORLDWIDE CONSULTANTS GMBH",," "," ",
14663-2025,"10/01/2025 (UTC+01)","Belgium – Preservation services of historical sites and buildings – Establishment of a secretariat to develop and support the operations of the European Network of Places where the Holocaust happened","European Commission, DG JUST - Justice and Consumers",Open,,"JUST/2023/PR/REM/RIGH/0041",,LOT-0001,,"FESTIVALT---GOPA PARTNERS IN ACTION FOR CHANGE AND ENGAGEMENT---GOPA COM.---FUNDACJA URBAN MEMORY---FUNDACJA ZAPOMNIANE",," "," ",
14827-2025,"10/01/2025 (UTC+01)","Belgium – Business services: law, marketing, consulting, recruitment, printing and security – Study in support of an ex-post evaluation of the Agreement between the European Union and Japan for an Economic Partnership","European Commission, DG TRADE - Trade",Open,,"EC-TRADE/2024/OP/0003 - 2024/B1/B01",,LOT-0001,,"TRADE IMPACT BV---Stiftelsen European Institute of Japanese Studies",," "," ",
16064-2025,"10/01/2025 (UTC+01)","Belgium – Environmental services – Pollinators typical of habitats protected under the Habitats Directive","European Commission, DG ENV - Environment",Open,,"090201/2024/928516/ETU/ENV.D2",,LOT-0001,,"UNIVERSITA DEGLI STUDI DI PADOVA",," "," ",
16500-2025,"10/01/2025 (UTC+01)","Belgium – Environmental services – Buzzing schools: engaging youth on pollinator conservation through learning ecosystems","European Commission, DG ENV - Environment",Open,,"09200100P092302/2024/ 928541/SER/ENV.D2",,LOT-0001,,"EUN PARTNERSHIP AISBL---Poppins & Wayne BV",," "," ",
17293-2025,"10/01/2025 (UTC+01)","Belgium – Environmental services – Development of a methodology or methodologies for setting one or several global boundaries for chemicals","European Commission, DG ENV - Environment",Open,,"090202/2024/929390/ETU/ENV.B2",,LOT-0001,,"WSP E&IS GMBH",," "," ",
17720-2025,"10/01/2025 (UTC+01)","Belgium – Environmental services – Assistance to the Member States for the implementation of EU nature conservation policy and legislation, including the Nature Restoration Regulation","European Commission, DG ENV - Environment",Open,,"090201/2024/928438/SER/ENV.D3",,LOT-0001,,"ELMEN EWIV",," "," ",
18428-2025,"13/01/2025 (UTC+01)","Belgium – Business and management consultancy and related services – Support to civil society advisory bodies (Domestic Advisory Groups, or DAGs) in trade agreements","European Commission, DG TRADE - Trade",Open,,"EC-TRADE/2024/OP/0004 - 2024/R3/R11",,LOT-0001,,"EMERGING MARKETS INTERNATIONAL---GOPA COM.",," "," ",
20070-2025,"13/01/2025 (UTC+01)","Italy – Repair and maintenance services – Accordo Quadro per attività di manutenzione e realizzazione di opere civili ed infrastrutturali nelle aree nucleari del JRC Ispra","Commissione europea, Centro comune di ricerca (JRC)",Open,yes,"947646 - IRP - 2024",,LOT-0001,,"M.P.M. COSTRUZIONI EDILI SRL","10 564,00",,,EUR
20262-2025,"13/01/2025 (UTC+01)","Belgium – Education and training services – INNOVATIVE AND ENTREPRENEURIAL HIGHER EDUCATION INSTITUTIONS: FURTHER DEVELOPMENT OF HEINNOVATE","European Commission, DG EAC - Education, Youth, Sport and Culture",Open,,EAC-2024-0556,,LOT-0001,,"PPMI Group---LOW ASSOCIATES BRUSSELS---Touch4IT s.r.o.---CHE GEMEINNUTZIGES CENTRUM FUR HOCHSCHULENTWICKLUNG GMBH",," "," ",
20413-2025,"13/01/2025 (UTC+01)","Belgium – Environmental services – CITES - Scientific & Technical Support Services","European Commission, DG ENV - Environment","Negotiated without prior call for competition",,"090201/2024/927065/SER/ENV.F3",,LOT-0001,,"WCMC LBG",," "," ",
20861-2025,"13/01/2025 (UTC+01)","Belgium – Research and development services and related consultancy services – Monitoring, reporting and verification system for non CO2 effects in aviation, stemming from the revision of the ETS Directive further steps","European Commission, DG CLIMA - Climate Action","Negotiated without prior call for competition",,"090203/2024/930689/SER/CLIMA.B.4",,LOT-0001,,"TO70 BV",," "," ",
21269-2025,"13/01/2025 (UTC+01)","Italy – Ground-stabilisation work – Procedura aperta sotto soglia per l’appalto dei lavori di realizzazione di una palificata per la messa in sicurezza dell’abitato di Ricasoli versante Nord nel Comune di Montevarchi C.U.P. E77H21014060002 CUI L00177290517202400007","COMUNE DI MONTEVARCHI - 3° SETTORE LAVORI PUBBLICI - AMBIENTE",Open,no,"Procedura aperta sotto soglia per l’appalto dei lavori di realizzazione di una palificata per la messa in sicurezza dell’abitato di Ricasoli versante Nord nel Comune di Montevarchi C.U.P. E77H21014060002 CUI L00177290517202400007",,LOT-0001,,"TECNODRILL S.R.L.",," "," ",
21933-2025,"13/01/2025 (UTC+01)","Belgium – Environmental services – Support for modelling better integrated biodiversity-mitigation-adaptation policies and measures","European Commission, DG ENV - Environment",Open,,"090201/2024/930932/SER/ENV.D2",,LOT-0001,,"INTERNATIONALES INSTITUT FUER ANGEWANDTE SYSTEMANALYSE---ECORYS BRUSSELS NV---EUROPEAN CENTER FOR AGRICULTURAL, REGIONAL AND ENVIRONMENTAL POLICY RESEARCH, EUROCARE",," "," ",
22001-2025,"14/01/2025 (UTC+01)","Belgium – IT services: consulting, software development, Internet and support – CLOUD III Competition 1","European Commission, DG DIGIT - Digital Services","Other multiple stage procedure",,T89597,,LOT-0001,,"AMAZON WEB SERVICES EMEA SARL",," "," ",
24411-2025,"14/01/2025 (UTC+01)","Fiji – Civil engineering consultancy services – Update of feasibility study for Qaliwana reservoir","European Commission, INTPA - International Partnerships","Negotiated without prior call for competition",,462354,,LOT-0001,,"STUDIO ING G PIETRANGELI SRL",," "," ",
24688-2025,"14/01/2025 (UTC+01)","Poland – Other community, social and personal services – Social media support services for the EC Representation in Poland","European Commission, DG COMM - Communication",Open,,"EC-COMM/WAW/2024/OP/0221 Lot 1",,LOT-0001,,"Paulina Nowakowska Planthe Studio",," "," ",
24825-2025,"14/01/2025 (UTC+01)","Poland – Other community, social and personal services – Social media support services for the EC Representation in Poland","European Commission, DG COMM - Communication",Open,,"EC-COMM/WAW/2024/OP/0221 Lot 2",,LOT-0002,,"Krzysztof Jarzab Social Media",," "," ",
26452-2025,"15/01/2025 (UTC+01)","Belgium – Vaccines for veterinary medicine – Purchase, storage and delivery of live attenuated vaccine against Peste des Petits Ruminants","European Commission, DG SANTE - Health and Food Safety",Open,,"EC-SANTE/2024/OP/0030 - EU PPR VACCINE BANK",,LOT-0001,,"Jordan Bio-Industries Center-JOVAC",," "," ",
26880-2025,"15/01/2025 (UTC+01)","Spain, Belgium – Electricity – Suministro de electricidad para el campus de la EUIPO (Alicante), la RECE (Madrid y Barcelona), y EU-OSHA (Bilbao)","European Union Intellectual Property Office, EC - European Commission, European Agency for Safety and Health at Work (EU-OSHA)",Open,,1120240019,,LOT-0001,,"IBERDROLA CLIENTES SOCIEDAD ANONIMA",," "," ",
27414-2025,"15/01/2025 (UTC+01)","Belgium – Supply services of personnel including temporary staff – Provision of interim staff services for DG REFORM in Athens and Bucharest","European Commission, DG REFORM - Structural Reform Support",Open,,,,LOT-0002,,"Not Awarded",," "," ",
27962-2025,"15/01/2025 (UTC+01)","Spain – Research and development services and related consultancy services – Survey on growers and citizens’ preferences on pest management for Xylella Fastidiosa","European Commission, DG JRC - Joint Research Centre",Open,,300108003,,LOT-0001,,"VVA MARKET RESEARCH SRL---FUNDACION DE INVESTIGACION DE LA UNIVERSIDAD DE SEVILLA---UNIVERSITA POLITECNICA DELLE MARCHE",," "," ",
28327-2025,"15/01/2025 (UTC+01)","Luxembourg – Statistical services – TECHNICAL ASSISTANCE TO GEORGIA, MOLDOVA AND UKRAINE FOR OFFICIAL STATISTICS","European Commission, DG ESTAT - Eurostat",Open,,2023.0395,,LOT-0001,,"GOPA WORLDWIDE CONSULTANTS GMBH",," "," ",
29002-2025,"15/01/2025 (UTC+01)","Belgium – Environmental services – Grassland Butterfly Indicator and European Butterfly Monitoring Scheme update (2021-2026)","European Commission, DG ENV - Environment","Negotiated without prior call for competition",,"090201/2024/929792/SER/ENV.D2",,LOT-0001,,"De Vlinderstichting DVS",," "," ",
29194-2025,"15/01/2025 (UTC+01)","Spain – Survey services – Analysis on Impacts of Algorithmic Management and Artificial Intelligence in the Workplace (AIM-WORK).","European Commission, DG JRC - Joint Research Centre",Open,,"946557 – 2024 BE",,LOT-0001,,"IPSOS NV",," "," ",
30882-2025,"16/01/2025 (UTC+01)","Belgium – Advertising and marketing services – Addendum 2 - Extension of services for the Regional Strategic Communication Programme for the Western Balkans via Negotiated Procedure","European Commission, NEAR - Neighbourhood and Enlargement Negotiations","Negotiated without prior call for competition",,"IPA III/2023/452-476",,LOT-0001,,"WEGLOBAL SRL",," "," ",
31267-2025,"16/01/2025 (UTC+01)","Belgium – Architectural, construction, engineering and inspection services – Technical assistance for Resilient Road Asset Management (RRAM) in Africa, SSATP pillar 4","European Commission, INTPA - International Partnerships",Restricted,,"NDICI-AFRICA 2024/461-125",,LOT-0001,,"TECNICA Y PROYECTOS SA---AGRER S.A.-N.V.---RAUROS ZMCOM S.L.U",," "," ",
31776-2025,"16/01/2025 (UTC+01)","Belgium – Museum-exhibition services – Europa Experience Floor Staff - Croatia","European Parliament, COMM - Directorate-General for Communication, EC - European Commission",Open,,"COMM/LO-HR_ZAG/FWC/2024/1",,LOT-0001,,"CIVITTA EESTI AS---Smart Group Recruitment d.o.o.",," "," ",
32046-2025,"16/01/2025 (UTC+01)","Kenya – Technical assistance services – INVITATION TO TENDER FOR AMENDMENT OF CONTRACT Support to EU-Somali Dialogue on Investments and Trade: Contract no. NDICI AFRICA/2023/447-521","European Commission, INTPA - International Partnerships","Negotiated without prior call for competition",,"NDICI AFRICA/2023/447-521",,LOT-0001,,"COWATER INTERNATIONAL",," "," ",
32126-2025,"16/01/2025 (UTC+01)","Montenegro – Other community, social and personal services – EU 4 Public Finance Management (PFM) in Montenegro","European Commission, NEAR - Neighbourhood and Enlargement Negotiations",Restricted,,"IPA III/2024/458-903",,LOT-0001,,"GOPA WORLDWIDE CONSULTANTS GMBH---GOPA PARTNERS IN ACTION FOR CHANGE AND ENGAGEMENT",," "," ",
33672-2025,"17/01/2025 (UTC+01)","Thailand – Public relations consultancy services – Policy Dialogue and Public Diplomacy Facility for Australia, Hong Kong/Macao, New Zealand, and Singapore","European Commission, FPI - Service for Foreign Policy Instruments",Restricted,,"NDICI ASIA FPI/2024/ 460-234",,LOT-0003,,"STANTEC---NZIIA ~ NEW ZEALAND INSTITUTE OF INTERNATIONAL AFFAIRS CHARITABLE TRUST",," "," ",
34319-2025,"17/01/2025 (UTC+01)","Belgium – Business services: law, marketing, consulting, recruitment, printing and security – International Urban and Regional Cooperation Latin America and The Caribbean (2023CE160AT230)","European Commission, DG REGIO - Regional and Urban Policy",Open,,2023CE160AT230,,LOT-0001,,"ANTEVERTI CONSULTING SL---GFA CONSULTING GROUP GMBH---ASSOCIATION EUROPEENNE DES AGENCESDE DEVELOPPEMENT---SOCIEDADE PORTUGUESA DE INOVACAO CONSULTADORIA EMPRESARIAL E FOMENTO DA INOVACAO SA---EU Consulta GmbH",," "," ",
39650-2025,"20/01/2025 (UTC+01)","Belgium, Luxembourg, Latvia, Sweden, Finland, Denmark, Italy, France, Hungary, Greece, Spain, Germany, Netherlands, Portugal – Advertising and marketing services – Mixed Multiple Framework Contract for Thematic Communication Services","European Commission, DG COMM - Communication, Court of Justice of the European Union, EP - European Parliament, European Court of Auditors, European External Action Service (EEAS), Agence Exécutive du Conseil Européen de la Recherche, European Climate, Infrastructure and Environment Executive Agency (CINEA), European Innovation Council and SMEs Executive Agency (EISMEA), Health and Digital Executive Agency (HaDEA), Research Executive Agency (REA), Agency for Support for BEREC (BEREC Office), Clean Aviation Joint Undertaking, Clean Hydrogen Joint Undertaking, Europe's Rail Joint Undertaking, European Centre for Disease Prevention and Control, European Chemicals Agency, European Environment Agency (EEA), European Food Safety Authority, European Investment Bank, European Public Prosecutor’s Office, European Union Agency for Railways, European Union Agency for Law Enforcement Training, European Union Agency for Cybersecurity (ENISA), F4E - Fusion for Energy Joint Undertaking, Single Resolution Board (SRB), European Anti-Money Laundering Agency, European Education and Culture Executive Agency, European Medicines Agency, European Economic and Social Committee, Council of the European Union, European Centre for the Development of Vocational Training, European Union Drugs Agency, European Ombudsman, European Union Agency for Law Enforcement Cooperation (EUROPOL)",Open,"no, no, no","GOPA - contract",,LOT-0002,,"GOPA Com.",," "," ",
39650-2025,"20/01/2025 (UTC+01)","Belgium, Luxembourg, Latvia, Sweden, Finland, Denmark, Italy, France, Hungary, Greece, Spain, Germany, Netherlands, Portugal – Advertising and marketing services – Mixed Multiple Framework Contract for Thematic Communication Services","European Commission, DG COMM - Communication, Court of Justice of the European Union, EP - European Parliament, European Court of Auditors, European External Action Service (EEAS), Agence Exécutive du Conseil Européen de la Recherche, European Climate, Infrastructure and Environment Executive Agency (CINEA), European Innovation Council and SMEs Executive Agency (EISMEA), Health and Digital Executive Agency (HaDEA), Research Executive Agency (REA), Agency for Support for BEREC (BEREC Office), Clean Aviation Joint Undertaking, Clean Hydrogen Joint Undertaking, Europe's Rail Joint Undertaking, European Centre for Disease Prevention and Control, European Chemicals Agency, European Environment Agency (EEA), European Food Safety Authority, European Investment Bank, European Public Prosecutor’s Office, European Union Agency for Railways, European Union Agency for Law Enforcement Training, European Union Agency for Cybersecurity (ENISA), F4E - Fusion for Energy Joint Undertaking, Single Resolution Board (SRB), European Anti-Money Laundering Agency, European Education and Culture Executive Agency, European Medicines Agency, European Economic and Social Committee, Council of the European Union, European Centre for the Development of Vocational Training, European Union Drugs Agency, European Ombudsman, European Union Agency for Law Enforcement Cooperation (EUROPOL)",Open,"no, no, no","Ecorys - contract",,LOT-0002,,"EUROPEAN SERVICE NETWORK SA---ICF NEXT S.A.---ECORYS EUROPE EEIG - GEIE",," "," ",
39650-2025,"20/01/2025 (UTC+01)","Belgium, Luxembourg, Latvia, Sweden, Finland, Denmark, Italy, France, Hungary, Greece, Spain, Germany, Netherlands, Portugal – Advertising and marketing services – Mixed Multiple Framework Contract for Thematic Communication Services","European Commission, DG COMM - Communication, Court of Justice of the European Union, EP - European Parliament, European Court of Auditors, European External Action Service (EEAS), Agence Exécutive du Conseil Européen de la Recherche, European Climate, Infrastructure and Environment Executive Agency (CINEA), European Innovation Council and SMEs Executive Agency (EISMEA), Health and Digital Executive Agency (HaDEA), Research Executive Agency (REA), Agency for Support for BEREC (BEREC Office), Clean Aviation Joint Undertaking, Clean Hydrogen Joint Undertaking, Europe's Rail Joint Undertaking, European Centre for Disease Prevention and Control, European Chemicals Agency, European Environment Agency (EEA), European Food Safety Authority, European Investment Bank, European Public Prosecutor’s Office, European Union Agency for Railways, European Union Agency for Law Enforcement Training, European Union Agency for Cybersecurity (ENISA), F4E - Fusion for Energy Joint Undertaking, Single Resolution Board (SRB), European Anti-Money Laundering Agency, European Education and Culture Executive Agency, European Medicines Agency, European Economic and Social Committee, Council of the European Union, European Centre for the Development of Vocational Training, European Union Drugs Agency, European Ombudsman, European Union Agency for Law Enforcement Cooperation (EUROPOL)",Open,"no, no, no","Resonate - contract",,LOT-0002,,"VO EUROPE---NEXT SPA---STANTEC",," "," ",
39669-2025,"20/01/2025 (UTC+01)","Belgium – Financial management consultancy services – GUIDANCE BUDGÉTAIRE À BRUXELLES","Commission européenne, DG HR - Human Resources and Security","Negotiated without prior call for competition",,EC-HR/2024/NP/0317,,LOT-0001,,LEGILE,," "," ",
40073-2025,"21/01/2025 (UTC+01)","Belgium, Netherlands, Austria, Estonia – Evaluation consultancy services – Services in support of the Justice and Consumers policy areas related to ex-post evaluations, ex-ante impact assessments, other policy support services including behavioral and legal analyses including compliance assessments.","European Commission, DG JUST - Justice and Consumers, European Innovation Council and SMEs Executive Agency (EISMEA), Eurojust, European Union Agency for Fundamental Rights, European Union Agency for the Operational Management of Large-Scale IT Systems in the Area of Freedom, Security and Justice (eu-LISA)",Open,,"CIVIC CONSULTING GMBH",,LOT-0001,,"CIVIC CONSULTING GMBH",," "," ",
40073-2025,"21/01/2025 (UTC+01)","Belgium, Netherlands, Austria, Estonia – Evaluation consultancy services – Services in support of the Justice and Consumers policy areas related to ex-post evaluations, ex-ante impact assessments, other policy support services including behavioral and legal analyses including compliance assessments.","European Commission, DG JUST - Justice and Consumers, European Innovation Council and SMEs Executive Agency (EISMEA), Eurojust, European Union Agency for Fundamental Rights, European Union Agency for the Operational Management of Large-Scale IT Systems in the Area of Freedom, Security and Justice (eu-LISA)",Open,,"VERIAN GROUP BELGIUM SA",,LOT-0001,,"VERIAN GROUP BELGIUM SA",," "," ",
40073-2025,"21/01/2025 (UTC+01)","Belgium, Netherlands, Austria, Estonia – Evaluation consultancy services – Services in support of the Justice and Consumers policy areas related to ex-post evaluations, ex-ante impact assessments, other policy support services including behavioral and legal analyses including compliance assessments.","European Commission, DG JUST - Justice and Consumers, European Innovation Council and SMEs Executive Agency (EISMEA), Eurojust, European Union Agency for Fundamental Rights, European Union Agency for the Operational Management of Large-Scale IT Systems in the Area of Freedom, Security and Justice (eu-LISA)",Open,,"ICF SA",,LOT-0001,,"ICF SA",," "," ",
40073-2025,"21/01/2025 (UTC+01)","Belgium, Netherlands, Austria, Estonia – Evaluation consultancy services – Services in support of the Justice and Consumers policy areas related to ex-post evaluations, ex-ante impact assessments, other policy support services including behavioral and legal analyses including compliance assessments.","European Commission, DG JUST - Justice and Consumers, European Innovation Council and SMEs Executive Agency (EISMEA), Eurojust, European Union Agency for Fundamental Rights, European Union Agency for the Operational Management of Large-Scale IT Systems in the Area of Freedom, Security and Justice (eu-LISA)",Open,,"PRICEWATERHOUSECOOPERS EU SERVICES EESV",,LOT-0001,,"PRICEWATERHOUSECOOPERS EU SERVICES EESV",," "," ",
40073-2025,"21/01/2025 (UTC+01)","Belgium, Netherlands, Austria, Estonia – Evaluation consultancy services – Services in support of the Justice and Consumers policy areas related to ex-post evaluations, ex-ante impact assessments, other policy support services including behavioral and legal analyses including compliance assessments.","European Commission, DG JUST - Justice and Consumers, European Innovation Council and SMEs Executive Agency (EISMEA), Eurojust, European Union Agency for Fundamental Rights, European Union Agency for the Operational Management of Large-Scale IT Systems in the Area of Freedom, Security and Justice (eu-LISA)",Open,,"EY ECONOMIC AND POLICY ADVISORY SERVICES SRL",,LOT-0001,,"EY ECONOMIC AND POLICY ADVISORY SERVICES SRL",," "," ",
40073-2025,"21/01/2025 (UTC+01)","Belgium, Netherlands, Austria, Estonia – Evaluation consultancy services – Services in support of the Justice and Consumers policy areas related to ex-post evaluations, ex-ante impact assessments, other policy support services including behavioral and legal analyses including compliance assessments.","European Commission, DG JUST - Justice and Consumers, European Innovation Council and SMEs Executive Agency (EISMEA), Eurojust, European Union Agency for Fundamental Rights, European Union Agency for the Operational Management of Large-Scale IT Systems in the Area of Freedom, Security and Justice (eu-LISA)",Open,,"MILIEU CONSULTING",,LOT-0001,,"MILIEU CONSULTING",," "," ",
40073-2025,"21/01/2025 (UTC+01)","Belgium, Netherlands, Austria, Estonia – Evaluation consultancy services – Services in support of the Justice and Consumers policy areas related to ex-post evaluations, ex-ante impact assessments, other policy support services including behavioral and legal analyses including compliance assessments.","European Commission, DG JUST - Justice and Consumers, European Innovation Council and SMEs Executive Agency (EISMEA), Eurojust, European Union Agency for Fundamental Rights, European Union Agency for the Operational Management of Large-Scale IT Systems in the Area of Freedom, Security and Justice (eu-LISA)",Open,,"DELOITTE CONSULTING BV",,LOT-0001,,"DELOITTE CONSULTING BV",," "," ",
40073-2025,"21/01/2025 (UTC+01)","Belgium, Netherlands, Austria, Estonia – Evaluation consultancy services – Services in support of the Justice and Consumers policy areas related to ex-post evaluations, ex-ante impact assessments, other policy support services including behavioral and legal analyses including compliance assessments.","European Commission, DG JUST - Justice and Consumers, European Innovation Council and SMEs Executive Agency (EISMEA), Eurojust, European Union Agency for Fundamental Rights, European Union Agency for the Operational Management of Large-Scale IT Systems in the Area of Freedom, Security and Justice (eu-LISA)",Open,,"TETRA TECH INTERNATIONAL DEVELOPMENT SP. Z O.O.",,LOT-0001,,"TETRA TECH INTERNATIONAL DEVELOPMENT SP. Z O.O.",," "," ",
40273-2025,"21/01/2025 (UTC+01)","China – Research and development services and related consultancy services – EU-China Dialogue and Cooperation on ETS-related policies and measures","European Commission, INTPA - International Partnerships",Restricted,,2024/462-230,,LOT-0001,,"ADELPHI CONSULT GMBH---GOPA WORLDWIDE CONSULTANTS GMBH---SQ CONSULT B.V.",," "," ",
41057-2025,"21/01/2025 (UTC+01)","Belgium – Research and development services and related consultancy services – Towards a Pilot European Start-up Scoreboard","European Innovation Council and SMEs Executive Agency (EISMEA), EISMEA - European Innovation Council and SMEs Executive Agency, European Commission, DG RTD - Research and Innovation",Open,,EISMEA/2024/OP/0010,,LOT-0001,,"FOREFRONT OY---VISIONARY ANALYTICS UAB---EUROPEAN FUTURE INNOVATION SYSTEM CENTRE",," "," ",
42493-2025,"21/01/2025 (UTC+01)","China – Research and development consultancy services – Technical assistance to the implementation of the EU-CHINA Policy Support Facility","European Commission, INTPA - International Partnerships",Restricted,,462412,,LOT-0001,,"IBF IMPACT SRL---EQUINOCCIO COMPANIA DE COMERCIO EXTERIOR SL",," "," ",
44033-2025,"22/01/2025 (UTC+01)","Belgium – Nuclear safety services – Cooperation with the Turkish Organisation in Charge of Radioactive Waste Management (TR4.01/23)","European Commission, INTPA - International Partnerships",Restricted,,INSC/2024/459-887,,LOT-0001,,"ENCONET CONSULTING GMBH---NUCLEAR RESEARCH AND CONSULTANCY GROUP",," "," ",
44794-2025,"22/01/2025 (UTC+01)","Belgium – Canteen and catering services – Restauration pour les services d’accueil de l’enfance de la Commission européenne dans la Région de Bruxelles-Capitale et environs","Commission européenne, OIB - Office for Infrastructure and Logistics in Brussels",Open,,"EC-OIB/2024/OP/0060/C0/L0",,LOT-0001,,"Compass Group Belgilux NV/SA",," "," ",
47247-2025,"23/01/2025 (UTC+01)","Belgium – Telecommunications services – Telecommunication Services Dynamic Purchasing System (2023 Q3)","European Commission, Directorate-General for Digital Services (DIGIT), DIGIT.R.3 - Procurement and Legal Compliance",Restricted,,DI/08010,"TELCO DPS-MC001 (VOICE IV)",LOT-0000,,"Proximus public limited company under Belgian Public Law---POST Telecom S.A","21 750 000,00",,,EUR
48269-2025,"23/01/2025 (UTC+01)","Belgium – Event services – Structured Dialogue with civil society on cultural policy 2025-2028","European Commission, DG EAC - Education, Youth, Sport and Culture",Open,,EAC-2024-0505,,LOT-0001,,"ECORYS EUROPE EEIG - GEIE---KEA EUROPEAN AFFAIRS",," "," ",
49054-2025,"23/01/2025 (UTC+01)","Belgium – Recreational, cultural and sporting services – European Expert Network on Culture","European Commission, DG EAC - Education, Youth, Sport and Culture",Open,,EAC-2024-0507,,LOT-0001,,"PANTEIA BV---VRIJE UNIVERSITEIT BRUSSEL---KEA EUROPEAN AFFAIRS",," "," ",
53598-2025,"27/01/2025 (UTC+01)","Belgium – Business and management consultancy and related services – Study on EU Substitution Centre(s) - Providing support to businesses to substitute their use of hazardous chemicals through collaboration, innovation, research and direct assistance","European Commission, DG GROW - Internal Market, Industry, Entrepreneurship and SMEs",Open,,"EC-GROW/2024/OP/0038 LOT 3 SI2.930304",,LOT-0003,,"RISK & POLICY ANALYSTS LIMITED",," "," ",
53774-2025,"27/01/2025 (UTC+01)","Belgium – Business and management consultancy and related services – Study on EU Substitution Centre(s) - Providing support to businesses to substitute their use of hazardous chemicals through collaboration, innovation, research and direct assistance","European Commission, DG GROW - Internal Market, Industry, Entrepreneurship and SMEs",Open,,"EC-GROW/2024/OP/0038 LOT 1 SI2.930256",,LOT-0001,,"WSP E&IS GMBH",," "," ",
53923-2025,"27/01/2025 (UTC+01)","Belgium – Training services – Learning and Development Services in the field of finance, accounting, fraud prevention, internal and external control and audit for staff of the Institutions, Bodies and Agencies (IBAs) of the European Union","European Commission, DG HR - Human Resources and Security","Negotiated without prior call for competition",,EC-HR/2024/NP/0314,,LOT-0001,,"BDO LLP",," "," ",
54515-2025,"27/01/2025 (UTC+01)","Luxembourg – Accident and health insurance services – Assurance couvrant les enfants fréquentant le Centre polyvalent de l'Enfance (LUX) géré par la Commission européenne","Commission européenne-OIL Infrastructures et Logistique (LUX)","Other single stage procedure",,EC-OIL/2024/MVP/0001,,LOT-0002,,"Marsh S.A---Chubb S.E (belge branch)","105 000,00",,,EUR
54720-2025,"27/01/2025 (UTC+01)","Luxembourg, Belgium – Electricity distribution and related services – Fourniture d’énergie électrique aux Institutions européennes au Grand-Duché de Luxembourg","Commission européenne, OIL - Office Infrastructures et Logistique à Luxembourg, Cour de justice de l’Union européenne, Cour des comptes, EP - European Parliament, EURSC - European Schools, European Investment Bank, European Public Prosecutor’s Office, Translation Centre for the Bodies of the European Union, ESM - European Stability Mechanism","Negotiated with prior publication of a call for competition / competitive with negotiation",,EC-OIL/2024/CPN/0007,,LOT-0001,,"LEO (LUXEMBOURG ENERGY OFFICE) S.A.",," "," ",
55051-2025,"27/01/2025 (UTC+01)","Germany – Architectural, construction, engineering and inspection services – Objektüberwachungs- und Planungsleistungen Flügel M","Europäische Kommission, Gemeinsame Forschungsstelle (JRC)",Restricted,,,,LOT-0001,,"Not Awarded",," "," ",
56777-2025,"27/01/2025 (UTC+01)","Belgium – Business and management consultancy and related services – Study on EU Substitution Centre(s) - Providing support to businesses to substitute their use of hazardous chemicals through collaboration, innovation, research and direct assistance","European Commission, DG GROW - Internal Market, Industry, Entrepreneurship and SMEs",Open,,"EC-GROW/2024/OP/0038 LOT 2 SI2.930292",,LOT-0002,,"EPPA SA---HASKONINGDHV NEDERLAND BV",," "," ",
59809-2025,"28/01/2025 (UTC+01)","Belgium – Economic research services – Selected implementing aspects of the draft Regulation on Standard Essential Patents (SEPs)","European Commission, DG GROW - Internal Market, Industry, Entrepreneurship and SMEs",Open,,SI2.930576,,LOT-0001,,"CRA INTERNATIONAL (UK) LIMITED",," "," ",
59949-2025,"29/01/2025 (UTC+01)","North Macedonia – Administration, defence and social security services – Addendum 1 to contract ""Technical assistance EU for Municipalities"" - IPA 2021/424872","European Union, represented by the European Commission on behalf of and for the account of North Macedonia","Negotiated without prior call for competition",,IPA/2021/424-872,,LOT-0001,,"GOPA PARTNERS IN ACTION FOR CHANGE AND ENGAGEMENT---EVOLUXER S.L---ALDA - ASSOCIATION EUROPEENNE POUR LA DEMOCRATIE LOCALE",," "," ",
60662-2025,"29/01/2025 (UTC+01)","Belgium – Event services – EU Capital and EU Green Pioneer of Smart Tourism","European Commission, DG GROW - Internal Market, Industry, Entrepreneurship and SMEs",Open,,SI2.1937206,,LOT-0001,,"SCHOLZ & FRIENDS BERLIN GMBH",," "," ",
63035-2025,"29/01/2025 (UTC+01)","Italy – Electronic supplies – Supply of electronic components for the ELSA laboratory","European Commission, DG JRC - Joint Research Centre",Open,,947585-IPR-2024,,LOT-0001,,"Beckhoff Automation srl",," "," ",
65079-2025,"30/01/2025 (UTC+01)","Belgium – Custom software development services – Development, Consultancy and Support for an Age Verification Solution","European Commission, DG CNECT - Communications Networks, Content and Technology",Open,,4500075543,,LOT-0001,,"SCYTALES AB---T-SYSTEMS INTERNATIONAL GMBH",," "," ",
65508-2025,"30/01/2025 (UTC+01)","Italy – Data supply services – Copernicus Global Land Operations - biophysical variables: cryosphere and hydrosphere","European Commission, DG JRC - Joint Research Centre","Negotiated with prior publication of a call for competition / competitive with negotiation",,945954,,LOT-0001,,"COLLECTE LOCALISATION SATELLITES",," "," ",
67065-2025,"31/01/2025 (UTC+01)","Albania – Advertising, propaganda and information film and video-tape production – EU for Biodiversity and Circular Economy Communication Services in Albania","European Union, represented by the European Commission on behalf of and for the account of Albania",Restricted,,"IPA III/2024/462148",,LOT-0001,,"GDSI LIMITED---MILIEUKONTAKT SHQIPERI---MCCANN TIRANA---FORMATO VERDE LDA",," "," ",
68049-2025,"31/01/2025 (UTC+01)","Belgium, Luxembourg, France, Latvia, Netherlands, Spain, Poland, Sweden, Finland, Denmark, Italy, Ireland, Lithuania, Germany, Slovakia, Portugal, Hungary, Malta, Greece, Austria, Slovenia, Estonia, Czechia – Training services – Learning and Development Services for staff of the Institutions, Bodies and Agencies (IBAs) of the European Union","European Commission, DG HR - Human Resources and Security, Court of Justice of the European Union, EDPS - European Data Protection Supervisor, EP - European Parliament, European Court of Auditors, European External Action Service (EEAS), OMBUDSMAN - European Ombudsman, The General Secretariat of the Council of the European Union, Agence Exécutive du Conseil Européen de la Recherche, European Climate, Infrastructure and Environment Executive Agency (CINEA), European Education and Culture Executive Agency (EACEA), European Innovation Council and SMEs Executive Agency (EISMEA), European Research Executive Agency (REA), Health and Digital Executive Agency (HaDEA), Agency for Support for BEREC (BEREC Office), CEDEFOP - European Centre for the Development of Vocational Training, Chips Joint Undertaking, Circular Bio-based Europe Joint Undertaking, Clean Aviation Joint Undertaking, Clean Hydrogen Joint Undertaking, Community Plant Variety Office, EDCTP3 JU - Global Health EDCTP3 Joint Undertaking, Eurojust, Europe's Rail Joint Undertaking, European Agency for Safety and Health at Work (EU-OSHA), European Banking Authority, European Border and Coast Guard Agency (FRONTEX), European Centre for Disease Prevention and Control, European Chemicals Agency, European Defence Agency, European Environment Agency (EEA), European Fisheries Control Agency (EFCA), European Food Safety Authority, European Foundation for the Improvement of Living and Working Conditions, European High-Performance Computing Joint Undertaking, European Institute for Gender Equality, European Insurance and Occupational Pensions Authority, European Investment Bank, European Investment Fund, European Labour Authority (ELA), European Maritime Safety Agency, European Medicines Agency, European Public Prosecutor’s Office, European Securities and Markets Authority, European Training Foundation (ETF), European Union Agency For Law Enforcement Training, European Union Agency for Asylum, European Union Agency for Cybersecurity (ENISA), European Union Agency for Fundamental Rights, European Union Agency for Law Enforcement Cooperation, European Union Agency for Railways, European Union Agency for the Cooperation of Energy Regulators, European Union Agency for the Operational Management of Large-Scale IT Systems in the Area of Freedom, Security and Justice (eu-LISA), European Union Agency for the Space Programme, European Union Aviation Safety Agency, F4E - Fusion for Energy Joint Undertaking, Innovative Health Initiative Joint Undertaking (IHI JU), SESAR3 Joint Undertaking, SNS JU - Smart Networks and Services Joint Undertaking, Single Resolution Board (SRB), Translation Centre for the Bodies of the European Union, Committee of the Regions of the European Union, European Economic and Social Committee",Open,,HR/2023/OP/0313,,LOT-0003,,"EUROPA COLLEGE STICHTING VAN OPENBAAR NUT---STICHTING EUROPEES INSTITUUT VOOR BESTUURSKUNDE*INSTITUT EUROPEEN D'ADMINISTRATION PUBLIQUE EUROPEAN INSTITUTE OF PUBLIC ADMINISTRATION EIPA---ASSOCIATION GROUPE ESSEC",," "," ",
75745-2025,"04/02/2025 (UTC+01)","Belgium – Repair and maintenance services of security equipment – Maintenance d’équipements de sécurité contre les véhicules hostiles en Belgique.","Commission européenne, DG HR - Human Resources and Security",Restricted,,,,LOT-0001,,"Not Awarded",," "," ",
76333-2025,"04/02/2025 (UTC+01)","Belgium – Repair and maintenance services of security equipment – Maintenance d’équipements de sécurité contre les véhicules hostiles en Belgique.","Commission européenne, DG HR - Human Resources and Security",Restricted,,,,LOT-0003,,"Not Awarded",," "," ",
76917-2025,"04/02/2025 (UTC+01)","Belgium – Repair and maintenance services of security equipment – Maintenance d’équipements de sécurité contre les véhicules hostiles en Belgique.","Commission européenne, DG HR - Human Resources and Security",Restricted,,,,LOT-0002,,"Not Awarded",," "," ",
77302-2025,"05/02/2025 (UTC+01)","Belgium – Disposable nappies – Fourniture et livraison de langes jetables pour le Service d'Accueil de l'Enfance de la Commission européenne à Bruxelles","Commission européenne, OIB - Office for Infrastructure and Logistics in Brussels",Open,,"EC-OIB/2024/OP/0080/C0/L0",,LOT-0001,,"ESSITY BELGIUM NV",," "," ",
78625-2025,"05/02/2025 (UTC+01)","Ireland – Security services – Provision of security services to the European Commission at its premises in Grange, Dunsany, County Meath, Ireland","European Commission, DG SANTE - Health and Food Safety",Open,,2024/SANTE/LC-03690787,,LOT-0001,,"Bidvest Noonan (ROI) Ltd.",," "," ",
79341-2025,"05/02/2025 (UTC+01)","Luxembourg – Repair and maintenance services – Maintenance multitechnique, dépannage des installations et réalisation de nouveaux travaux.","Commission européenne, OIL - Office Infrastructures et Logistique à Luxembourg",Open,,EC-OIL/2024/OP/0005,,LOT-0001,,"MERSCH & SCHMITZ SERVICES SARL",," "," ",
79930-2025,"05/02/2025 (UTC+01)","Netherlands – Electronic equipment – Supply and maintenance of a battery cycler for performance and durability tests at single cell level for large cells in JRC laboratories of Petten.","European Commission, DG JRC - Joint Research Centre",Open,,,,LOT-0001,,"Not Awarded",," "," ",
80758-2025,"06/02/2025 (UTC+01)","Belgium – Technical analysis or consultancy services – Jordan – Strengthening of regulatory capacity and safety","European Commission, INTPA - International Partnerships",Restricted,,INSC/2024/453-166,,LOT-0001,,"ENCONET CONSULTING GMBH---INSTITUT NATIONAL DES RADIOELEMENTS I.R.E.---STATNI USTAV RADIACNI OCHRANY v.v.i.---TUV NORD ENSYS GMBH & CO KG",," "," ",
82246-2025,"06/02/2025 (UTC+01)","Belgium – Training services – Capacity-building for the Implementation of Interreg and Cohesion Policy (2024CE160AT081)","European Commission, DG REGIO - Regional and Urban Policy",Open,,2024CE160AT081,,LOT-0001,,"PARTICIP GMBH---Széchenyi Programiroda Nonprofit Kft.",," "," ",
83748-2025,"06/02/2025 (UTC+01)","Czechia – Cleaning services – Cleaning services in EU House in Prague","European Commission, DG COMM - Communication, EP - European Parliament, European Investment Bank",Open,no,"Cleaning services in EU House in Prague",,LOT-0001,,"ATAK - Úklidový servis s.r.o.",," "," ",
86286-2025,"07/02/2025 (UTC+01)","Belgium – Miscellaneous services – CSO Operational and Roadmap Facility","European Commission, INTPA - International Partnerships",Restricted,,NDICI-CSO/2024/461-270,,LOT-0001,,"NIRAS AS",," "," ",
87037-2025,"07/02/2025 (UTC+01)","Belgium – Business services: law, marketing, consulting, recruitment, printing and security – Implementation of the partnership principle of the EU cohesion policy in enlargement countries (2024CE160AT082)","European Commission, DG REGIO - Regional and Urban Policy",Open,,2024CE160AT082,,LOT-0001,,"T33 SRL---OIR GMBH---NAXTA SRL",," "," ",
87375-2025,"10/02/2025 (UTC+01)","Belgium – Services specific to international organisations and bodies – Services for EU’s external action 2023","European Union, represented by the European Commission",Open,,"INTPA/2022/EA-OP/0102 - LOT 2 - Contract 4",,LOT-0001,,"PARTICIP GMBH",," "," ",
87375-2025,"10/02/2025 (UTC+01)","Belgium – Services specific to international organisations and bodies – Services for EU’s external action 2023","European Union, represented by the European Commission",Open,,"INTPA/2022/EA-OP/0102 - LOT 2 - Contract 2",,LOT-0001,,"NIRAS A/S",," "," ",
87375-2025,"10/02/2025 (UTC+01)","Belgium – Services specific to international organisations and bodies – Services for EU’s external action 2023","European Union, represented by the European Commission",Open,,"INTPA/2022/EA-OP/0102 - LOT 2 - Contract 1",,LOT-0001,,"Emerging Markets International",," "," ",
87375-2025,"10/02/2025 (UTC+01)","Belgium – Services specific to international organisations and bodies – Services for EU’s external action 2023","European Union, represented by the European Commission",Open,,"INTPA/2022/EA-OP/0102 - LOT 2 - Contract 3",,LOT-0001,,"NTU INTERNATIONAL A/S",," "," ",
88640-2025,"10/02/2025 (UTC+01)","Belgium – Bicycles – Location et maintenance de vélos à assistance électrique, avec système de réservation et de sécurisation, dans la région de Bruxelles-capitale et environs.","Commission européenne, OIB - Office for Infrastructure and Logistics in Brussels, Committee of the Regions of the European Union, European Economic and Social Committee",Open,,,,LOT-0001,,"Not Awarded",," "," ",
89640-2025,"10/02/2025 (UTC+01)","Ireland – Heating oil – Supply and delivery of Marked Gas Oil (MGO) for the European Commission at its premises at Grange, Dunsany, Co. Meath, Ireland","European Commission, DG SANTE - Health and Food Safety",Open,,,,LOT-0001,,"Not Awarded",," "," ",
90072-2025,"10/02/2025 (UTC+01)","Belgium – Research and development consultancy services – Expert Network on Economics and Sociology of Education and Training (ENESET)","European Commission, DG EAC - Education, Youth, Sport and Culture",Open,,EAC-2024-0552,,LOT-0001,,"PPMI Group",," "," ",
93664-2025,"11/02/2025 (UTC+01)","Belgium – Auditing services – Annual internal audits of the European Commission's EMAS eco-management scheme for the period 2025 - 2028","European Commission, DG HR - Human Resources and Security",Open,,EC-HR/2024/OP/0133,,LOT-0001,,"ARCADIS BELGIUM",," "," ",
94509-2025,"12/02/2025 (UTC+01)","Spain, France – Furniture – Suministro e instalación de mobiliario, accesorios y servicios asociados","European Union Intellectual Property Office, Comisión Europea, DG COMM - Communication, European Fisheries Control Agency (EFCA), F4E - Fusion for Energy Joint Undertaking",Restricted,,4020250030,,LOT-0001,,"ACTIU BERBEGAL Y FORMAS S.A.",," "," ",
101088-2025,"14/02/2025 (UTC+01)","Belgium – Research and development services and related consultancy services – Mechanism to support Rapid EU External Actions","European Commission, FPI - Service for Foreign Policy Instruments",Restricted,,"NDICI FPN FPI 2024 /461-481",,LOT-0001,,"SEQUA GGMBH---STICHTING NEDERLANDS INSTITUUT VOOR INTERNATIONALE BETREKKINGEN CLINGENDAEL---STANTEC---EMERGING MARKETS INTERNATIONAL---DOWNTOWN EUROPE---APPLICATION EUROPEENNE DE TECHNOLOGIES ET DE SERVICES",," "," ",
101135-2025,"14/02/2025 (UTC+01)","Belgium – Business services: law, marketing, consulting, recruitment, printing and security – Support services related to quality assurance in vocational education and training (EQAVET), graduate tracking and European vocational core profiles (EVCP)","European Commission, DG EMPL - Employment, Social Affairs and Inclusion",Open,,VC/2023/0470,,LOT-0001,,"ICF SA---ICF CONSULTING SERVICES LIMITED",," "," ",
107145-2025,"18/02/2025 (UTC+01)","Belgium – Evaluation consultancy services – Supporting the evaluation of the Free Flow of Non-Personal Data Regulation, Open Data Directive and Data Governance Act","European Commission, DG CNECT - Communications Networks, Content and Technology",Open,,4500075650,,LOT-0001,,"SPARK LEGAL AND POLICY CONSULTING BV---OPEN EVIDENCE---CAPGEMINI NEDERLAND BV",," "," ",
109672-2025,"18/02/2025 (UTC+01)","Belgium – Market and economic research; polling and statistics – Digital Services Act - Study on systemic risks and their mitigation","European Commission, DG CNECT - Communications Networks, Content and Technology",Open,,LC-03590122,,LOT-0001,,"OPEN EVIDENCE---SPARK LEGAL AND POLICY CONSULTING BV---PPMI Group",," "," ",
110111-2025,"19/02/2025 (UTC+01)","Belgium – Legal advisory and information services – Legal advice for the Welcome Offices of the European Commission (6 lots)","European Commission, DG HR - Human Resources and Security",Open,,,,LOT-0003,,"Not Awarded",," "," ",
110909-2025,"19/02/2025 (UTC+01)","Timor-Leste – Public relations consultancy services – Strategic Communication of EU Delegation to Timor-Leste","European Commission, INTPA - International Partnerships","Negotiated without prior call for competition",,"NDICI ASIA/2024/462212 -Strategic Communication EUD TL",,LOT-0001,,"EUROSUPPORT - FINEUROP SUPPORT SRL---NEXT SPA---Spellbound Communications Limited",," "," ",
112085-2025,"19/02/2025 (UTC+01)","Belgium – Legal advisory and information services – Legal advice for the Welcome Offices of the European Commission (6 lots)","European Commission, DG HR - Human Resources and Security",Open,,,,LOT-0006,,"Not Awarded",," "," ",
121958-2025,"24/02/2025 (UTC+01)","Belgium – Meal-preparation services – Prestations de services dans le domaine de la restauration pour les self-services et cafétérias de la Commission européenne en Région de Bruxelles-Capitale et à Overijse","Commission européenne, OIB - Office for Infrastructure and Logistics in Brussels","Negotiated without prior call for competition",,"EC-OIB/2024/NP/0105/C0/L0",,LOT-0001,,"CIANO TRADING & SERVICES CT & S SPA",," "," ",
122021-2025,"24/02/2025 (UTC+01)","Belgium – Legal advisory and information services – Legal advice for the Welcome Offices of the European Commission (6 lots)","European Commission, DG HR - Human Resources and Security",Open,,,,LOT-0004,,"Not Awarded",," "," ",
129109-2025,"26/02/2025 (UTC+01)","Viet Nam – Marketing management consultancy services – EU Strategic Communication and Public Diplomacy in Vietnam","European Union, represented by the European Commission on behalf of and for the account of Viet Nam","Negotiated without prior call for competition",,"NDICI ASIA/2024/454-572",,LOT-0001,,"TAJ VIETNAM JOINT STOCK COMPANY",," "," ",
129163-2025,"26/02/2025 (UTC+01)","Italy – Laboratory services – Laboratory analysis of soil samples collected during the 2022 LUCAS Survey","European Commission, DG JRC - Joint Research Centre",Open,,FW-00175122,,LOT-0003,,"SGS PORTUGAL - SOCIEDADE GERAL DE SUPERINTENDENCIA S.A.",," "," ",
133077-2025,"28/02/2025 (UTC+01)","Italy – Repair and maintenance services – Servizio di manutenzione preventiva e correttiva per le cappe chimiche e radiochimiche in uso al JRC Ispra","Commissione europea, Centro comune di ricerca (JRC)",Open,,CCR.457,,LOT-0002,,"Waldner SRL",," "," ",
135117-2025,"28/02/2025 (UTC+01)","Italy – Repair and maintenance services – Servizio di manutenzione preventiva e correttiva per le cappe chimiche e radiochimiche in uso al JRC Ispra","Commissione europea, Centro comune di ricerca (JRC)",Open,,CCR.456,,LOT-0001,,"Waldner SRL",," "," ",
136872-2025,"03/03/2025 (UTC+01)","Belgium, Luxembourg, Latvia, Germany, Netherlands, Spain, Greece, Finland, Denmark, Italy, Slovakia, Hungary, Austria, Romania – Evaluation consultancy services – Multiple framework contract for impact assessments, evaluations and related studies and services in the field of communication","European Commission, DG COMM - Communication, Court of Justice of the European Union, EP - European Parliament, European Court of Auditors, The General Secretariat of the Council of the European Union, Agence Exécutive du Conseil Européen de la Recherche, European Climate, Infrastructure and Environment Executive Agency (CINEA), European Education and Culture Executive Agency (EACEA), European Innovation Council and SMEs Executive Agency (EISMEA), European Research Executive Agency (REA), Agency for Support for BEREC (BEREC Office), Clean Aviation Joint Undertaking, ECB - European Central Bank, Eurojust, Europe's Rail Joint Undertaking, European Agency for Safety and Health at Work (EU-OSHA), European Centre for the Development of Vocational Training (CEDEFOP), European Chemicals Agency, European Environment Agency (EEA), European Food Safety Authority, European Investment Bank, European Labour Authority (ELA), European Medicines Agency, European Police Office, European Union Agency For Law Enforcement Training, European Union Agency for Cybersecurity (ENISA), European Union Agency for Fundamental Rights, Single Resolution Board (SRB), Committee of the Regions of the European Union, European Economic and Social Committee, European Cybersecurity Competence Centre",Open,"no, no, no","EC-COMM-2024-OP-0325-Lot_2_2",,LOT-0002,,"Tetra Tech International Development Sp. z o.o.---Ecorys Europe EEIG - GEIE---Ipsos N.V.","698,50",,,EUR
136872-2025,"03/03/2025 (UTC+01)","Belgium, Luxembourg, Latvia, Germany, Netherlands, Spain, Greece, Finland, Denmark, Italy, Slovakia, Hungary, Austria, Romania – Evaluation consultancy services – Multiple framework contract for impact assessments, evaluations and related studies and services in the field of communication","European Commission, DG COMM - Communication, Court of Justice of the European Union, EP - European Parliament, European Court of Auditors, The General Secretariat of the Council of the European Union, Agence Exécutive du Conseil Européen de la Recherche, European Climate, Infrastructure and Environment Executive Agency (CINEA), European Education and Culture Executive Agency (EACEA), European Innovation Council and SMEs Executive Agency (EISMEA), European Research Executive Agency (REA), Agency for Support for BEREC (BEREC Office), Clean Aviation Joint Undertaking, ECB - European Central Bank, Eurojust, Europe's Rail Joint Undertaking, European Agency for Safety and Health at Work (EU-OSHA), European Centre for the Development of Vocational Training (CEDEFOP), European Chemicals Agency, European Environment Agency (EEA), European Food Safety Authority, European Investment Bank, European Labour Authority (ELA), European Medicines Agency, European Police Office, European Union Agency For Law Enforcement Training, European Union Agency for Cybersecurity (ENISA), European Union Agency for Fundamental Rights, Single Resolution Board (SRB), Committee of the Regions of the European Union, European Economic and Social Committee, European Cybersecurity Competence Centre",Open,"no, no, no","EC-COMM-2024-OP-0325-Lot_2_1",,LOT-0002,,"Ramboll Management Consulting---Verian Group Belgium","667,75",,,EUR
136872-2025,"03/03/2025 (UTC+01)","Belgium, Luxembourg, Latvia, Germany, Netherlands, Spain, Greece, Finland, Denmark, Italy, Slovakia, Hungary, Austria, Romania – Evaluation consultancy services – Multiple framework contract for impact assessments, evaluations and related studies and services in the field of communication","European Commission, DG COMM - Communication, Court of Justice of the European Union, EP - European Parliament, European Court of Auditors, The General Secretariat of the Council of the European Union, Agence Exécutive du Conseil Européen de la Recherche, European Climate, Infrastructure and Environment Executive Agency (CINEA), European Education and Culture Executive Agency (EACEA), European Innovation Council and SMEs Executive Agency (EISMEA), European Research Executive Agency (REA), Agency for Support for BEREC (BEREC Office), Clean Aviation Joint Undertaking, ECB - European Central Bank, Eurojust, Europe's Rail Joint Undertaking, European Agency for Safety and Health at Work (EU-OSHA), European Centre for the Development of Vocational Training (CEDEFOP), European Chemicals Agency, European Environment Agency (EEA), European Food Safety Authority, European Investment Bank, European Labour Authority (ELA), European Medicines Agency, European Police Office, European Union Agency For Law Enforcement Training, European Union Agency for Cybersecurity (ENISA), European Union Agency for Fundamental Rights, Single Resolution Board (SRB), Committee of the Regions of the European Union, European Economic and Social Committee, European Cybersecurity Competence Centre",Open,"no, no, no","EC-COMM-2024-OP-0325-Lot_2_3",,LOT-0002,,"Technopolis Consulting Group Belgium---Henningsen Consulting","853,80",,,EUR
137141-2025,"03/03/2025 (UTC+01)","Belgium – Agricultural, forestry, horticultural, aquacultural and apicultural services – Advisory Services for Resilient Agri-Food Systems 2.0 (ASRAFS 2.0)","European Commission, INTPA - International Partnerships",Restricted,,,,LOT-0001,,"Not Awarded",," "," ",
138226-2025,"03/03/2025 (UTC+01)","Belgium – Technical analysis or consultancy services – 'Proximity and Social Economy’ ecosystem – matchmaking and awareness-raising opportunities","European Commission, DG GROW - Internal Market, Industry, Entrepreneurship and SMEs",Open,,,,LOT-0001,,"Not Awarded",," "," ",
138301-2025,"03/03/2025 (UTC+01)","Belgium, Luxembourg, Latvia, Germany, Netherlands, Spain, Greece, Finland, Denmark, Italy, Slovakia, Hungary, Austria, Romania – Evaluation consultancy services – Multiple framework contract for impact assessments, evaluations and related studies and services in the field of communication","European Commission, DG COMM - Communication, Court of Justice of the European Union, EP - European Parliament, European Court of Auditors, The General Secretariat of the Council of the European Union, Agence Exécutive du Conseil Européen de la Recherche, European Climate, Infrastructure and Environment Executive Agency (CINEA), European Education and Culture Executive Agency (EACEA), European Innovation Council and SMEs Executive Agency (EISMEA), European Research Executive Agency (REA), Agency for Support for BEREC (BEREC Office), Clean Aviation Joint Undertaking, ECB - European Central Bank, Eurojust, Europe's Rail Joint Undertaking, European Agency for Safety and Health at Work (EU-OSHA), European Centre for the Development of Vocational Training (CEDEFOP), European Chemicals Agency, European Environment Agency (EEA), European Food Safety Authority, European Investment Bank, European Labour Authority (ELA), European Medicines Agency, European Police Office, European Union Agency For Law Enforcement Training, European Union Agency for Cybersecurity (ENISA), European Union Agency for Fundamental Rights, Single Resolution Board (SRB), Committee of the Regions of the European Union, European Economic and Social Committee, European Cybersecurity Competence Centre",Open,"no, no, no, no","EC-COMM-2024-OP-0325-Lot_1_2",,LOT-0001,,"Tetra Tech International Development Sp. z o.o.---Ecorys Europe EEIG - GEIE---Ipsos N.V.","698,50",,,EUR
138301-2025,"03/03/2025 (UTC+01)","Belgium, Luxembourg, Latvia, Germany, Netherlands, Spain, Greece, Finland, Denmark, Italy, Slovakia, Hungary, Austria, Romania – Evaluation consultancy services – Multiple framework contract for impact assessments, evaluations and related studies and services in the field of communication","European Commission, DG COMM - Communication, Court of Justice of the European Union, EP - European Parliament, European Court of Auditors, The General Secretariat of the Council of the European Union, Agence Exécutive du Conseil Européen de la Recherche, European Climate, Infrastructure and Environment Executive Agency (CINEA), European Education and Culture Executive Agency (EACEA), European Innovation Council and SMEs Executive Agency (EISMEA), European Research Executive Agency (REA), Agency for Support for BEREC (BEREC Office), Clean Aviation Joint Undertaking, ECB - European Central Bank, Eurojust, Europe's Rail Joint Undertaking, European Agency for Safety and Health at Work (EU-OSHA), European Centre for the Development of Vocational Training (CEDEFOP), European Chemicals Agency, European Environment Agency (EEA), European Food Safety Authority, European Investment Bank, European Labour Authority (ELA), European Medicines Agency, European Police Office, European Union Agency For Law Enforcement Training, European Union Agency for Cybersecurity (ENISA), European Union Agency for Fundamental Rights, Single Resolution Board (SRB), Committee of the Regions of the European Union, European Economic and Social Committee, European Cybersecurity Competence Centre",Open,"no, no, no, no","EC-COMM-2024-OP-0325-Lot_1_1",,LOT-0001,,"Ramboll Management Consulting---Verian Group Belgium","667,75",,,EUR
138301-2025,"03/03/2025 (UTC+01)","Belgium, Luxembourg, Latvia, Germany, Netherlands, Spain, Greece, Finland, Denmark, Italy, Slovakia, Hungary, Austria, Romania – Evaluation consultancy services – Multiple framework contract for impact assessments, evaluations and related studies and services in the field of communication","European Commission, DG COMM - Communication, Court of Justice of the European Union, EP - European Parliament, European Court of Auditors, The General Secretariat of the Council of the European Union, Agence Exécutive du Conseil Européen de la Recherche, European Climate, Infrastructure and Environment Executive Agency (CINEA), European Education and Culture Executive Agency (EACEA), European Innovation Council and SMEs Executive Agency (EISMEA), European Research Executive Agency (REA), Agency for Support for BEREC (BEREC Office), Clean Aviation Joint Undertaking, ECB - European Central Bank, Eurojust, Europe's Rail Joint Undertaking, European Agency for Safety and Health at Work (EU-OSHA), European Centre for the Development of Vocational Training (CEDEFOP), European Chemicals Agency, European Environment Agency (EEA), European Food Safety Authority, European Investment Bank, European Labour Authority (ELA), European Medicines Agency, European Police Office, European Union Agency For Law Enforcement Training, European Union Agency for Cybersecurity (ENISA), European Union Agency for Fundamental Rights, Single Resolution Board (SRB), Committee of the Regions of the European Union, European Economic and Social Committee, European Cybersecurity Competence Centre",Open,"no, no, no, no","EC-COMM-2024-OP-0325-Lot_1_4",,LOT-0001,,"Technopolis Consulting Group Belgium---Henningsen Consulting","853,80",,,EUR
138301-2025,"03/03/2025 (UTC+01)","Belgium, Luxembourg, Latvia, Germany, Netherlands, Spain, Greece, Finland, Denmark, Italy, Slovakia, Hungary, Austria, Romania – Evaluation consultancy services – Multiple framework contract for impact assessments, evaluations and related studies and services in the field of communication","European Commission, DG COMM - Communication, Court of Justice of the European Union, EP - European Parliament, European Court of Auditors, The General Secretariat of the Council of the European Union, Agence Exécutive du Conseil Européen de la Recherche, European Climate, Infrastructure and Environment Executive Agency (CINEA), European Education and Culture Executive Agency (EACEA), European Innovation Council and SMEs Executive Agency (EISMEA), European Research Executive Agency (REA), Agency for Support for BEREC (BEREC Office), Clean Aviation Joint Undertaking, ECB - European Central Bank, Eurojust, Europe's Rail Joint Undertaking, European Agency for Safety and Health at Work (EU-OSHA), European Centre for the Development of Vocational Training (CEDEFOP), European Chemicals Agency, European Environment Agency (EEA), European Food Safety Authority, European Investment Bank, European Labour Authority (ELA), European Medicines Agency, European Police Office, European Union Agency For Law Enforcement Training, European Union Agency for Cybersecurity (ENISA), European Union Agency for Fundamental Rights, Single Resolution Board (SRB), Committee of the Regions of the European Union, European Economic and Social Committee, European Cybersecurity Competence Centre",Open,"no, no, no, no","EC-COMM-2024-OP-0325-Lot_1_3",,LOT-0001,,"ICF S.A.","738,25",,,EUR
143176-2025,"05/03/2025 (UTC+01)","Belgium, Luxembourg, Netherlands, France, Finland, Hungary, Austria, Latvia, Ireland – Exhibition, fair and congress organisation services – Event Management and Related Communication Services","European Commission, Euratom Supply Agency (ESA), Single Resolution Board (SRB), European Defence Agency (EDA), European Medicines Agency (EMA), European Banking Authority (EBA), European Chemicals Agency (ECHA), Single European Sky ATM Research 3 Joint Undertaking (SESAR), S3JU, Community Plant Variety Office (CPVO), European Research Executive Agency (REA), Europe´s Rail Joint Undertaking (EU-RAIL), European Health and Digital Executive Agency (HaDEA), European Prosecutor´s Office (EPPO), European Securities and Markets Authority (ESMA), European Union Agency for Law Enforcement Training (CEPOL), European Research Council Executive Agency (ERCEA), European Union Agency for Fundamental Rights (FRA), Agency for Support of BEREC (BEREC OFFICE), Key Digital Technologies Joint Undertaking - Chips JU (KDT JU), Circular Bio-based Europe Joint Undertaking (CBE JU), Smart Networks and Services Joint Undertaking (SNS JU), European Education and Culture Executive Agency (EACEA), Innovative Health Initiative Joint Undertaking (IHI JU), European Innovation Council and SMEs Executive Agency (EISMEA), European Foundation for the Improvement of Living and Working Conditions (Eurofound)",Open,"yes, yes, yes",00175423,,LOT-0001,,"GL EVENTS LIVE---ICF NEXT","3 999 039,00",,,EUR
143176-2025,"05/03/2025 (UTC+01)","Belgium, Luxembourg, Netherlands, France, Finland, Hungary, Austria, Latvia, Ireland – Exhibition, fair and congress organisation services – Event Management and Related Communication Services","European Commission, Euratom Supply Agency (ESA), Single Resolution Board (SRB), European Defence Agency (EDA), European Medicines Agency (EMA), European Banking Authority (EBA), European Chemicals Agency (ECHA), Single European Sky ATM Research 3 Joint Undertaking (SESAR), S3JU, Community Plant Variety Office (CPVO), European Research Executive Agency (REA), Europe´s Rail Joint Undertaking (EU-RAIL), European Health and Digital Executive Agency (HaDEA), European Prosecutor´s Office (EPPO), European Securities and Markets Authority (ESMA), European Union Agency for Law Enforcement Training (CEPOL), European Research Council Executive Agency (ERCEA), European Union Agency for Fundamental Rights (FRA), Agency for Support of BEREC (BEREC OFFICE), Key Digital Technologies Joint Undertaking - Chips JU (KDT JU), Circular Bio-based Europe Joint Undertaking (CBE JU), Smart Networks and Services Joint Undertaking (SNS JU), European Education and Culture Executive Agency (EACEA), Innovative Health Initiative Joint Undertaking (IHI JU), European Innovation Council and SMEs Executive Agency (EISMEA), European Foundation for the Improvement of Living and Working Conditions (Eurofound)",Open,"yes, yes, yes",00175482,,LOT-0001,,"Netcompany - INTRASOFT SA---Action Global Communications LTD---CECOFORMA","4 004 618,00",,,EUR
143176-2025,"05/03/2025 (UTC+01)","Belgium, Luxembourg, Netherlands, France, Finland, Hungary, Austria, Latvia, Ireland – Exhibition, fair and congress organisation services – Event Management and Related Communication Services","European Commission, Euratom Supply Agency (ESA), Single Resolution Board (SRB), European Defence Agency (EDA), European Medicines Agency (EMA), European Banking Authority (EBA), European Chemicals Agency (ECHA), Single European Sky ATM Research 3 Joint Undertaking (SESAR), S3JU, Community Plant Variety Office (CPVO), European Research Executive Agency (REA), Europe´s Rail Joint Undertaking (EU-RAIL), European Health and Digital Executive Agency (HaDEA), European Prosecutor´s Office (EPPO), European Securities and Markets Authority (ESMA), European Union Agency for Law Enforcement Training (CEPOL), European Research Council Executive Agency (ERCEA), European Union Agency for Fundamental Rights (FRA), Agency for Support of BEREC (BEREC OFFICE), Key Digital Technologies Joint Undertaking - Chips JU (KDT JU), Circular Bio-based Europe Joint Undertaking (CBE JU), Smart Networks and Services Joint Undertaking (SNS JU), European Education and Culture Executive Agency (EACEA), Innovative Health Initiative Joint Undertaking (IHI JU), European Innovation Council and SMEs Executive Agency (EISMEA), European Foundation for the Improvement of Living and Working Conditions (Eurofound)",Open,"yes, yes, yes",00175502,,LOT-0001,,"GOPA Com.---Cronos Europa---WMH Project","4 498 525,00",,,EUR
144170-2025,"05/03/2025 (UTC+01)","Luxembourg – Business and management consultancy and related services – Complementary study supporting the review of the Workplace Directive 89/654/EEC and the Display Screen Directive 90/270/EEC","European Commission, DG EMPL - Employment, Social Affairs and Inclusion",Open,,4500081423,,LOT-0001,,"DELOITTE TAX & CONSULTING---SPARK LEGAL AND POLICY CONSULTING BV---PANTEIA BV---VHP HUMAN PERFORMANCE BV",," "," ",
145801-2025,"05/03/2025 (UTC+01)","Denmark, Belgium – Health services – EEA/ADS/24/004 - Provision of Medical services to the European Environment Agency and the European Commission Representation in Denmark","European Environment Agency (EEA), EC - European Commission",Open,,,,LOT-0002,,"Not Awarded",," "," ",
146507-2025,"06/03/2025 (UTC+01)","Spain – IT services: consulting, software development, Internet and support – TECHNICAL SUPPORT FOR THE DEVELOPMENT AND UPDATE OF EUROMOD – 7 LOTS","European Commission, DG JRC - Joint Research Centre",Open,,301000029,,LOT-0006,,"INSTITUTUL NATIONAL DE CERCETARE STIINTIFICA IN DOMENIUL MUNCII SI PROTECTIEI SOCIALE",," "," ",
147027-2025,"06/03/2025 (UTC+01)","Denmark, Belgium – Health services – EEA/ADS/24/004 - Provision of Medical services to the European Environment Agency and the European Commission Representation in Denmark","European Environment Agency (EEA), EC - European Commission",Open,,"EEA/ADS/24/004/LOT 1",,LOT-0001,,"Laegerne Strandvejen",," "," ",
147372-2025,"06/03/2025 (UTC+01)","Belgium – Design and execution of research and development – Support to NORM data analysis and exploitation","European Commission, DG DEFIS - Defence Industry and Space",Open,,EC-DEFIS/2024/OP/0012,,LOT-0001,,"INTEGRATED DETECTOR ELECTRONICS AS---SANDBERG KAI SIA IKE",," "," ",
147418-2025,"06/03/2025 (UTC+01)","Spain – IT services: consulting, software development, Internet and support – TECHNICAL SUPPORT FOR THE DEVELOPMENT AND UPDATE OF EUROMOD – 7 LOTS","European Commission, DG JRC - Joint Research Centre",Open,,801000031,,LOT-0005,,"LISER - LUXEMBOURG INSTITUTE OF SOCIO-ECONOMIC RESEARCH",," "," ",
147581-2025,"06/03/2025 (UTC+01)","Spain – IT services: consulting, software development, Internet and support – TECHNICAL SUPPORT FOR THE DEVELOPMENT AND UPDATE OF EUROMOD – 7 LOTS","European Commission, DG JRC - Joint Research Centre",Open,,801000026,,LOT-0001,,"EUROPAISCHES ZENTRUM FUR WOHLFAHRTSPOLITIK UND SOZIALFORSCHUNG",," "," ",
147891-2025,"06/03/2025 (UTC+01)","Spain – IT services: consulting, software development, Internet and support – TECHNICAL SUPPORT FOR THE DEVELOPMENT AND UPDATE OF EUROMOD – 7 LOTS","European Commission, DG JRC - Joint Research Centre",Open,,801000027,,LOT-0002,,"INSTITUT ZA JAVNE FINANCIJE",," "," ",
148064-2025,"06/03/2025 (UTC+01)","Montenegro – Other community, social and personal services – EU 4 Public Administration – technical assistance to Montenegro in support of public services provision and human resources management","European Commission, ENEST.B - Western Balkans",Restricted,,2023/449-710,,LOT-0001,,"DRUSTVO ZA KONSALTING I REVIZIJU KPMG DOO BEOGRAD---INSTITUTE OF PUBLIC ADMINISTRATION---DRUSTVO ZA KONSALTING I REVIZIJU KPMG DOO PODGORICA---KRAJOWA SZKOLA ADMINISTRACJI PUBLICZNEJ",," "," ",
148650-2025,"06/03/2025 (UTC+01)","Germany – Structural steelworks – Stahlbauarbeiten beim Neubau Flügel M im JRC Karlsruhe","Europäische Kommission, Gemeinsame Forschungsstelle (JRC)",Open,,,,LOT-0001,,"Not Awarded",," "," ",
148721-2025,"06/03/2025 (UTC+01)","Spain – IT services: consulting, software development, Internet and support – TECHNICAL SUPPORT FOR THE DEVELOPMENT AND UPDATE OF EUROMOD – 7 LOTS","European Commission, DG JRC - Joint Research Centre",Open,,301000028,,LOT-0003,,"IFO INSTITUT LEIBNIZ INSTITUT FUR WIRTSCHAFTSFORSCHUNG AN DER UNIVERSITAT MUNCHEN EV",," "," ",
149141-2025,"07/03/2025 (UTC+01)","Spain – IT services: consulting, software development, Internet and support – TECHNICAL SUPPORT FOR THE DEVELOPMENT AND UPDATE OF EUROMOD – 7 LOTS","European Commission, DG JRC - Joint Research Centre",Open,,301000030,,LOT-0007,,"Institute for Econimic Research - IER",," "," ",
150234-2025,"07/03/2025 (UTC+01)","Belgium, Latvia, France, Germany – Financial markets administration services – Financial Market Data Sources and Trading Platforms","European Commission, DG BUDG - Budget, AMLA - Authority for Anti-Money Laundering and Countering the Financing of Terrorism, Agency for Support for BEREC (BEREC Office), European Banking Authority, European Insurance and Occupational Pensions Authority, European Securities and Markets Authority, Single Resolution Board (SRB)","Negotiated without prior call for competition",,EC-BUDG/LUX/2024/NP/0015,,LOT-0001,,"BLOOMBERG FINANCE LP",," "," ",
150238-2025,"07/03/2025 (UTC+01)","Spain – IT services: consulting, software development, Internet and support – TECHNICAL SUPPORT FOR THE DEVELOPMENT AND UPDATE OF EUROMOD – 7 LOTS","European Commission, DG JRC - Joint Research Centre",Open,,,,LOT-0004,,"Not Awarded",," "," ",
150459-2025,"07/03/2025 (UTC+01)","Belgium – Management-related services – Results-Oriented Monitoring (ROM) system for the EU external action","European Commission, INTPA - International Partnerships",Restricted,,,,LOT-0001,,"Not Awarded",," "," ",
151042-2025,"07/03/2025 (UTC+01)","Belgium – Management-related services – Results-Oriented Monitoring (ROM) system for the EU external action","European Commission, INTPA - International Partnerships",Restricted,,,,LOT-0002,,"Not Awarded",," "," ",
151426-2025,"07/03/2025 (UTC+01)","Belgium – Management-related services – Results-Oriented Monitoring (ROM) system for the EU external action","European Commission, INTPA - International Partnerships",Restricted,,,,LOT-0003,,"Not Awarded",," "," ",
153946-2025,"10/03/2025 (UTC+01)","Italy – Insurance services – PROCEDURA APERTA DI RILEVANZA EUROPEA PER L’AFFIDAMENTO DEL SERVIZIO DI ASSICURAZIONE DELLA RESPONSABILITÀ CIVILE DERIVANTE DALLA CIRCOLAZIONE DEI VEICOLI A MOTORE (“RCA”) DEL COMUNE DI PISA","COMUNE DI PISA - Direzione 04 - Programmazione e controllo - Provveditorato - Economato - Aziende - Servizi Assicurativi - Servizi Istituzionali - Contratti",Open,,"PROCEDURA APERTA DI RILEVANZA EUROPEA PER L’AFFIDAMENTO DEL SERVIZIO DI ASSICURAZIONE DELLA RESPONSABILITÀ CIVILE DERIVANTE DALLA CIRCOLAZIONE DEI VEICOLI A MOTORE (“RCA”) DEL COMUNE DI PISA",,LOT-0001,,"NOBIS COMPAGNIA DI ASSICURAZIONI SPA",," "," ",
155435-2025,"10/03/2025 (UTC+01)","Belgium – Technical analysis or consultancy services – The European Green Digital Coalition moves to Action - Preparatory Action","European Commission, DG CNECT - Communications Networks, Content and Technology",Open,,4500070588,,LOT-0001,,"PRICEWATERHOUSECOOPERS EU SERVICES EESV---Carbon Trust Europe B.V.---GLOBAL E-SUSTAINABILITY INITIATIVE AISBL",," "," ",
156108-2025,"11/03/2025 (UTC+01)","Belgium, Finland – Legal advisory services – Legal advice for intellectual property rights.","European Commission, DG JRC - Joint Research Centre, European Chemicals Agency",Open,,CCR.458,,LOT-0001,,"Crowell & Moring LLP---Arnold & Siedsma Belgium B.V.",," "," ",
160788-2025,"12/03/2025 (UTC+01)","Germany – Radiation protection services – Durchführung von wiederkehrenden Prüfungen an der Strahlenschutzinstrumentierung.","Europäische Kommission, Gemeinsame Forschungsstelle (JRC)",Restricted,,"801000523-2025-02 KAR DE",,LOT-0001,,"DFN DIENSTLEISTUNGEN FUR NUKLEARTECHNIK GMBH",," "," ",
164491-2025,"13/03/2025 (UTC+01)","Luxembourg – Statistical services – Waste accounts and secondary raw materials","European Commission, DG ESTAT - Eurostat",Open,,2025.0030,,LOT-0001,,"ARGUS - STATISTIK UND INFORMATIONSSYSTEME IN UMWELT UND GESUNDHEIT GMBH",," "," ",
166480-2025,"14/03/2025 (UTC+01)","Belgium – Feasibility study – Multiple Framework Contract in Cascade for Assistance Services in the Field of Compliance Assessment in the areas of banking and finance","European Commission, DG FISMA - Financial Stability, Financial Services and Capital Markets Union",Open,"no, no","EC-FISMA/2024/OP/0004 - 2nd in cascade",,LOT-0001,,"TIPIK Communication Agency","1 059 400,00",,,EUR
166480-2025,"14/03/2025 (UTC+01)","Belgium – Feasibility study – Multiple Framework Contract in Cascade for Assistance Services in the Field of Compliance Assessment in the areas of banking and finance","European Commission, DG FISMA - Financial Stability, Financial Services and Capital Markets Union",Open,"no, no","EC-FISMA/2024/OP/0004 - 1st in cascade",,LOT-0001,,"Milieu Consulting Belgium","523 170,00",,,EUR
166533-2025,"14/03/2025 (UTC+01)","Belgium – Environmental services – Support for performance assessment of, and establishment of an European standard (EN) on, modelling quality objectives for assessment purposes in ambient air","European Commission, DG ENV - Environment",Open,,"No 090202/2024/929013/SER/ENV.C3",,LOT-0001,,"VLAAMSE INSTELLING VOOR TECHNOLOGISCH ONDERZOEK N.V.",," "," ",
168770-2025,"17/03/2025 (UTC+01)","North Macedonia – Computer equipment and supplies – Supply of hardware - storage system and server upgrade for the Ministry of European Affairs","European Commission, ENEST.B - Western Balkans",Open,,460239,,LOT-0001,,"SEMOS DOO SKOPJE",," "," ",
176957-2025,"19/03/2025 (UTC+01)","Belgium – Environmental services – Environmental Footprint Helpdesk for the post transition phase","European Commission, DG ENV - Environment",Open,,"No 090202/2025/4500083462/SER/ENV.B1",,LOT-0001,,"SPHERA SOLUTIONS GMBH---MAKI CONSULTING GMBH---STUDIO FIESCHI & SOCI SRL",," "," ",
176980-2025,"19/03/2025 (UTC+01)","Germany – Medical practice services – Services in the field of occupational health and medical radiation protection (""Ermächtige Arzt"") for exposed staff of the Joint Research Centre (JRC) in Karlsruhe (DE)","European Commission, DG HR - Human Resources and Security",Open,,EC-HR/KRU/2024/OP/0071,,LOT-0001,,"SCHEROTZKESTRUCK ALEXANDRA",," "," ",
177030-2025,"19/03/2025 (UTC+01)","Myanmar/Burma – Public relations services – Strategic Communication and Public Diplomacy of the European Union Delegation to Myanmar","European Commission, INTPA - International Partnerships",Restricted,,2025/483036,,LOT-0001,,"ALTAIR ASESORES SL---PARTICIP GMBH",," "," ",
179805-2025,"20/03/2025 (UTC+01)","Spain – Survey services – Survey on the role of vehicle generated data on the functioning of vehicle and spare parts distribution markets and the provision of repair and maintenance services","European Commission, DG JRC - Joint Research Centre",Open,,300117418,,LOT-0001,,"VERIAN GROUP BELGIUM SA",," "," ",
182721-2025,"21/03/2025 (UTC+01)","Belgium – Environmental services – Framework contract on Co-operation with national judges in the field of environmental law","European Commission, DG ENV - Environment",Open,,ENV.E2/FRA/2024/0037,,LOT-0001,,"EUROPAEISCHE RECHTSAKADEMIE TRIER OFFENTLICHE STIFTUNG",," "," ",
183175-2025,"21/03/2025 (UTC+01)","Belgium – Washing and dry-cleaning services – Services de blanchisserie, nettoyage à sec et entretien de linge et vêtements pour les services de la Commission européenne à Bruxelles.","Commission européenne, OIB - Office for Infrastructure and Logistics in Brussels",Open,,"EC-OIB/2024/OP/0067/C0/L0",,LOT-0001,,St-Joris,," "," ",
184592-2025,"21/03/2025 (UTC+01)","Italy – Repair and maintenance services – Contratto quadro per servizi di manutenzione su strumenti Hamilton","Commissione europea, Centro comune di ricerca (JRC)","Negotiated without prior call for competition",,FW-00177222,,LOT-0001,,"HAMILTON ROBOTICS ITALIA ~ HAMILTON ITALIA SRL",," "," ",
185504-2025,"21/03/2025 (UTC+01)","Belgium – Business services: law, marketing, consulting, recruitment, printing and security – Delivering the European Green Deal under Policy Objective 2: Evaluation on the bottlenecks to reach the objectives of Green Deal (2024CE16BAT033)","European Commission, DG REGIO - Regional and Urban Policy",Open,,2024CE16BAT033,,LOT-0001,,"TECHNOPOLIS CONSULTING GROUP BELGIUM---OIR GMBH---VM EUROPE",," "," ",
187531-2025,"24/03/2025 (UTC+01)","Belgium – Solar photovoltaic modules – Rachat de l’installation complète des panneaux photovoltaïques situés sur le toit de l’immeuble NOHE de la Commission européenne et de l’immeuble voisin","Commission européenne, OIB - Office for Infrastructure and Logistics in Brussels","Negotiated without prior call for competition",,"EC-OIB/2024/NP/0112/C0/L0",,LOT-0001,,"ORKA BRUSSEL NV",," "," ",
189241-2025,"25/03/2025 (UTC+01)","Belgium, Luxembourg, France, Latvia, Netherlands, Spain, Poland, Sweden, Greece, Finland, Romania, Denmark, Italy, Ireland, Lithuania, Germany, Slovakia, Portugal, Hungary, Malta, Austria, Slovenia, Estonia, Czechia – Training services – Framework Contract for the provision of “training on corporate finance and accounting IT systems” specific to the European Union","European Commission, DG BUDG - Budget, EDPS - European Data Protection Supervisor, EP - European Parliament, European Court of Auditors, European External Action Service (EEAS), OMBUDSMAN - European Ombudsman, Agence Exécutive du Conseil Européen de la Recherche, European Climate, Infrastructure and Environment Executive Agency (CINEA), European Education and Culture Executive Agency (EACEA), European Innovation Council and SMEs Executive Agency (EISMEA), European Research Executive Agency (REA), Health and Digital Executive Agency (HaDEA), Agency for Support for BEREC (BEREC Office), Chips Joint Undertaking, Clean Aviation Joint Undertaking, EDCTP3 JU - Global Health EDCTP3 Joint Undertaking, Eurojust, Europe's Rail Joint Undertaking, European Agency for Safety and Health at Work (EU-OSHA), European Banking Authority, European Border and Coast Guard Agency (FRONTEX), European Centre for Disease Prevention and Control, European Centre for the Development of Vocational Training, European Chemicals Agency, European Cybersecurity Industrial, Technology and Research Competence Centre, European Defence Agency, European Environment Agency (EEA), European Fisheries Control Agency (EFCA), European Food Safety Authority, European Foundation for the Improvement of Living and Working Conditions, European High-Performance Computing Joint Undertaking, European Institute for Gender Equality, European Insurance and Occupational Pensions Authority, European Labour Authority (ELA), European Maritime Safety Agency, European Medicines Agency, European Public Prosecutor’s Office, European Securities and Markets Authority, European Training Foundation (ETF), European Union Agency For Law Enforcement Training, European Union Agency for Asylum, European Union Agency for Cybersecurity (ENISA), European Union Agency for Fundamental Rights, European Union Agency for Law Enforcement Cooperation, European Union Agency for Railways, European Union Agency for the Cooperation of Energy Regulators, European Union Agency for the Operational Management of Large-Scale IT Systems in the Area of Freedom, Security and Justice (eu-LISA), European Union Agency for the Space Programme, European Union Aviation Safety Agency, F4E - Fusion for Energy Joint Undertaking, Innovative Health Initiative Joint Undertaking (IHI JU), SESAR3 Joint Undertaking, SNS JU - Smart Networks and Services Joint Undertaking, Single Resolution Board (SRB), Translation Centre for the Bodies of the European Union, Committee of the Regions of the European Union, European Economic and Social Committee",Open,,BUDG/2024/OP/0002,,LOT-0001,,"DELOITTE CONSULTING & ADVISORY BV",," "," ",
191496-2025,"25/03/2025 (UTC+01)","Belgium – Economic research services – Study on national legal framework and obstacles for asset tokenisation in Member States","European Commission, DG FISMA - Financial Stability, Financial Services and Capital Markets Union",Open,,EC-FISMA/2024/OP/0003,,LOT-0001,,"EY ECONOMIC AND POLICY ADVISORY SERVICES SRL",," "," ",
193193-2025,"26/03/2025 (UTC+01)","Belgium – Research and development consultancy services – European Commission Call for tender EU-JUST/2024/OP/0003 for service, Online courses on the Charter of Fundamental Rights","European Commission, DG JUST - Justice and Consumers",Open,,"JUST/2024/OP/0003 (JUST/2023/PR/PFRI/RIGH/0124)",,LOT-0001,,"KATHOLIEKE UNIVERSITEIT LEUVEN, UNIVERSITY OF LEUVEN---RAOUL WALLENBERG INSTITUTE FOR HUMAN ~ RAOUL WALLENBERG INSTITUTET FOR MANSKIGA RATTIGHETER OCH HUMANITAR RATT STIFTELSEN RIGHTS AND HUMANITAR---THE GOOD LOBBY ASSOCIATION FOR THEPROMOTION OF CIVIC PARTICIPATION THROUGH ACADEMIC RESEARCH DISSEMINATION TRAINING AND CAMPAIGNING FOR TH",," "," ",
194989-2025,"26/03/2025 (UTC+01)","Belgium, Luxembourg, France, Latvia, Netherlands, Spain, Poland, Sweden, Finland, Denmark, Italy, Ireland, Lithuania, Germany, Slovakia, Portugal, Hungary, Malta, Greece, Austria, Slovenia, Estonia, Czechia – Training services – Learning and Development Services for staff of the Institutions, Bodies and Agencies (IBAs) of the European Union","European Commission, DG HR - Human Resources and Security, Court of Justice of the European Union, EDPS - European Data Protection Supervisor, EP - European Parliament, European Court of Auditors, European External Action Service (EEAS), OMBUDSMAN - European Ombudsman, The General Secretariat of the Council of the European Union, Agence Exécutive du Conseil Européen de la Recherche, European Climate, Infrastructure and Environment Executive Agency (CINEA), European Education and Culture Executive Agency (EACEA), European Innovation Council and SMEs Executive Agency (EISMEA), European Research Executive Agency (REA), Health and Digital Executive Agency (HaDEA), Agency for Support for BEREC (BEREC Office), CEDEFOP - European Centre for the Development of Vocational Training, Chips Joint Undertaking, Circular Bio-based Europe Joint Undertaking, Clean Aviation Joint Undertaking, Clean Hydrogen Joint Undertaking, Community Plant Variety Office, EDCTP3 JU - Global Health EDCTP3 Joint Undertaking, Eurojust, Europe's Rail Joint Undertaking, European Agency for Safety and Health at Work (EU-OSHA), European Banking Authority, European Border and Coast Guard Agency (FRONTEX), European Centre for Disease Prevention and Control, European Chemicals Agency, European Defence Agency, European Environment Agency (EEA), European Fisheries Control Agency (EFCA), European Food Safety Authority, European Foundation for the Improvement of Living and Working Conditions, European High-Performance Computing Joint Undertaking, European Institute for Gender Equality, European Insurance and Occupational Pensions Authority, European Investment Bank, European Investment Fund, European Labour Authority (ELA), European Maritime Safety Agency, European Medicines Agency, European Public Prosecutor’s Office, European Securities and Markets Authority, European Training Foundation (ETF), European Union Agency For Law Enforcement Training, European Union Agency for Asylum, European Union Agency for Cybersecurity (ENISA), European Union Agency for Fundamental Rights, European Union Agency for Law Enforcement Cooperation, European Union Agency for Railways, European Union Agency for the Cooperation of Energy Regulators, European Union Agency for the Operational Management of Large-Scale IT Systems in the Area of Freedom, Security and Justice (eu-LISA), European Union Agency for the Space Programme, European Union Aviation Safety Agency, F4E - Fusion for Energy Joint Undertaking, Innovative Health Initiative Joint Undertaking (IHI JU), SESAR3 Joint Undertaking, SNS JU - Smart Networks and Services Joint Undertaking, Single Resolution Board (SRB), Translation Centre for the Bodies of the European Union, Committee of the Regions of the European Union, European Economic and Social Committee",Open,,HR/2023/OP/0313,,LOT-0002,,"EY ADVISORY SPA",," "," ",
195116-2025,"26/03/2025 (UTC+01)","Belgium – Market research services – Study into how emerging technologies may impact digital market regulation","European Commission, DG CNECT - Communications Networks, Content and Technology",Open,,4500082686,,LOT-0001,,"LE EUROPE LIMITED",," "," ",
195892-2025,"27/03/2025 (UTC+01)","South Africa – Research and development services and related consultancy services – Bridging inequalities through greener municipalities","European Commission, INTPA - International Partnerships",Restricted,,,,LOT-0001,,"Not Awarded",," "," ",
201772-2025,"28/03/2025 (UTC+01)","Belgium – Miscellaneous business-related services – Support to the permanent structure of the EU-Africa Business Forum","European Commission, INTPA ­ International Partnerships",Restricted,,452-192,,LOT-0001,,"Landell Mills International Ltd---GFA---Adam Smith Europe BV","14 326 000,00",,,EUR
209335-2025,"01/04/2025 (UTC+02)","Germany – Modular and portable buildings – Lieferung und Aufbau einer Containeranlage im JRC Karlsruhe","Europäische Kommission, Gemeinsame Forschungsstelle (JRC)","Negotiated with prior publication of a call for competition / competitive with negotiation",,"CCR.455-2025-02 KAR DE",,LOT-0001,,"BPLUSL INFRA LOG GMBH",," "," ",
211470-2025,"02/04/2025 (UTC+02)","Belgium – Business and management consultancy and related services – Technical Assistance for Member States with low effective participation under the Innovation Fund","European Commission, DG CLIMA - Climate Action",Open,,"EC-CLIMA/2024/OP/0004/C.2",,LOT-0001,,"ICF SA",," "," ",
211996-2025,"02/04/2025 (UTC+02)","Germany – Ventilation equipment – Supply of a glove box exhaust system in wing A","European Commission, DG JRC - Joint Research Centre",Open,,"300114247-2025-03 KAR DE",,LOT-0001,,"KRANTZ GMBH",," "," ",
216141-2025,"03/04/2025 (UTC+02)","Belgium – IT services: consulting, software development, Internet and support – PROSERV DPS TMC1 - DIGIT C2 Senior Integration Architect","European Commission, DG DIGIT - Digital Services","Other multiple stage procedure",,T125325,,LOT-0001,,"CRONOS EUROPA",," "," ",
216535-2025,"03/04/2025 (UTC+02)","Belgium – Business and management consultancy and related services – Promote the exchange of best practices of cross-border cooperation among border stakeholders in Europe (2024CE160AT093)","European Commission, DG REGIO - Regional and Urban Policy",Open,,2024CE160AT093,,LOT-0001,,"LOW ASSOCIATES BRUSSELS---TREK ANAPTYKSIAKON IPODOMON KE IPIRESION ANONIMI ETERIA",," "," ",
216714-2025,"03/04/2025 (UTC+02)","Belgium – Research and development services and related consultancy services – Future Oriented Policymaking - Toolkit and training programme","European Commission, DG JRC - Joint Research Centre",Open,,"Contract 300114200",,LOT-0001,,"NEW MINDSET SL",," "," ",
222182-2025,"07/04/2025 (UTC+02)","Belgium – Business and management consultancy and related services – Framework contract in cascade for the implementation of pharmaceutical legislation and data-driven policy for medical products","Health and Digital Executive Agency (HaDEA) , HADEA - Health and Digital Executive Agency, EC - European Commission",Open,yes,HADEA/2024/OP/0029,"Framework contract in cascade for the implementation of pharmaceutical legislation and data-driven policy for medical products",LOT-0001,,"THE BOSTON CONSULTING GROUP","6 000 000,00",,,EUR
222182-2025,"07/04/2025 (UTC+02)","Belgium – Business and management consultancy and related services – Framework contract in cascade for the implementation of pharmaceutical legislation and data-driven policy for medical products","Health and Digital Executive Agency (HaDEA) , HADEA - Health and Digital Executive Agency, EC - European Commission",Open,yes,HADEA/2024/OP/0029,"Framework contract in cascade for the implementation of pharmaceutical legislation and data-driven policy for medical products",LOT-0001,,"KPMG ADVISORY SPA","6 000 000,00",,,EUR
222182-2025,"07/04/2025 (UTC+02)","Belgium – Business and management consultancy and related services – Framework contract in cascade for the implementation of pharmaceutical legislation and data-driven policy for medical products","Health and Digital Executive Agency (HaDEA) , HADEA - Health and Digital Executive Agency, EC - European Commission",Open,yes,HADEA/2024/OP/0029,"Framework contract in cascade for the implementation of pharmaceutical legislation and data-driven policy for medical products",LOT-0001,,"TECHNOPOLIS CONSULTING GROUP BELGIUM","6 000 000,00",,,EUR
222429-2025,"07/04/2025 (UTC+02)","Luxembourg – Statistical services – Organisation and implementation of EMOS mobility activities","European Commission, DG ESTAT - Eurostat",Open,,2024.0352,,LOT-0001,,"DEVSTAT SERVICIOS DE CONSULTORIA ESTADISTICA SL",," "," ",
224224-2025,"08/04/2025 (UTC+02)","Moldova – Government services – European Moldova - Support for EU Integration","European Union, represented by the European Commission on behalf of and for the account of Moldova",Restricted,,"NDICI-GEO-ENEST-2025/483169",,LOT-0001,,"BE BERLIN ECONOMICS GMBH---GOPA PARTNERS IN ACTION FOR CHANGE AND ENGAGEMENT---DAI GLOBAL BELGIUM---ASOCIATIA OBSTEASCA CENTRUL DE RESURSE---GOPA WORLDWIDE CONSULTANTS GMBH",," "," ",
230417-2025,"09/04/2025 (UTC+02)","Italy – Cemetery services and cremation services – REALIZZAZIONE IN CONCESSIONE DEL COMPLETAMENTO DEI CIMITERI DEL COMUNE DI IMPERIA DI UN TEMPIO CREMATORIO PRESSO IL CIMITERO DI ONEGLIA E RELATIVA GESTIONE DEI CIMITERI E DEL TEMPIO, MEDIANTE LA PROCEDURA DI ""FINANZA DI PROGETTO"" AI SENSI DELL'ART.183, COMMA 15, DEL DLGS N. 50 DEL 18/04/2016 E SS.MM.E II.","COMUNE DI IMPERIA",Open,,283261-2021,,LOT-0001,,"SERVIZI CIMITERIALI IMPERIA S.R.L.","44 602 563,00",,,EUR
231543-2025,"10/04/2025 (UTC+02)","Belgium – Lifting and handling equipment and parts – Supplies for the sustainable maintenance of cultural heritage monuments of great importance for Cyprus","European Commission, REGIO - Regional and Urban Policy",Open,,,,LOT-0001,,"Not Awarded",," "," ",
233013-2025,"10/04/2025 (UTC+02)","Sierra Leone – Administration services – Technical Assistance for Business Environment and Competitiveness","European Commission, INTPA - International Partnerships",Restricted,,483118,,LOT-0001,,"AGRICONSULTING EUROPE S.A.---CADMUS INTERNATIONAL UK LIMITED",," "," ",
238670-2025,"11/04/2025 (UTC+02)","Belgium – Legal advisory and information services – Legal advice for the Welcome Offices of the European Commission (6 lots)","European Commission, DG HR - Human Resources and Security",Open,,EC-HR/2024/OP/0190,,LOT-0001,,LEGILE,," "," ",
239833-2025,"14/04/2025 (UTC+02)","Belgium – IT services: consulting, software development, Internet and support – Provision of external service providers for DG TAXUD","European Commission, DG TAXUD - Taxation and Customs Union",Open,,TAXUD/2025/CC/177,,LOT-0001,,"WESTPOLE BELGIUM---Almaviva de Belgique SA---THALERIA---ARHS DEVELOPMENTS SA---UNISYS BELGIUM",," "," ",
239833-2025,"14/04/2025 (UTC+02)","Belgium – IT services: consulting, software development, Internet and support – Provision of external service providers for DG TAXUD","European Commission, DG TAXUD - Taxation and Customs Union",Open,,TAXUD/2025/CC/177,,LOT-0001,,"WESTPOLE BELGIUM---Almaviva de Belgique SA---THALERIA---ARHS DEVELOPMENTS SA---UNISYS BELGIUM",," "," ",
239833-2025,"14/04/2025 (UTC+02)","Belgium – IT services: consulting, software development, Internet and support – Provision of external service providers for DG TAXUD","European Commission, DG TAXUD - Taxation and Customs Union",Open,,TAXUD/2025/CC/177,,LOT-0001,,"WESTPOLE BELGIUM---Almaviva de Belgique SA---THALERIA---ARHS DEVELOPMENTS SA---UNISYS BELGIUM",," "," ",
239833-2025,"14/04/2025 (UTC+02)","Belgium – IT services: consulting, software development, Internet and support – Provision of external service providers for DG TAXUD","European Commission, DG TAXUD - Taxation and Customs Union",Open,,TAXUD/2025/CC/177,,LOT-0001,,"WESTPOLE BELGIUM---Almaviva de Belgique SA---THALERIA---ARHS DEVELOPMENTS SA---UNISYS BELGIUM",," "," ",
239833-2025,"14/04/2025 (UTC+02)","Belgium – IT services: consulting, software development, Internet and support – Provision of external service providers for DG TAXUD","European Commission, DG TAXUD - Taxation and Customs Union",Open,,TAXUD/2025/CC/177,,LOT-0001,,"WESTPOLE BELGIUM---Almaviva de Belgique SA---THALERIA---ARHS DEVELOPMENTS SA---UNISYS BELGIUM",," "," ",
239833-2025,"14/04/2025 (UTC+02)","Belgium – IT services: consulting, software development, Internet and support – Provision of external service providers for DG TAXUD","European Commission, DG TAXUD - Taxation and Customs Union",Open,,TAXUD/2025/CC/178,,LOT-0001,,"QINSHIFT CZECHIA SRO---TWENTY8---LEONARDO BELGIUM SA---ARICOMA SYSTEMS",," "," ",
239833-2025,"14/04/2025 (UTC+02)","Belgium – IT services: consulting, software development, Internet and support – Provision of external service providers for DG TAXUD","European Commission, DG TAXUD - Taxation and Customs Union",Open,,TAXUD/2025/CC/178,,LOT-0001,,"QINSHIFT CZECHIA SRO---TWENTY8---LEONARDO BELGIUM SA---ARICOMA SYSTEMS",," "," ",
239833-2025,"14/04/2025 (UTC+02)","Belgium – IT services: consulting, software development, Internet and support – Provision of external service providers for DG TAXUD","European Commission, DG TAXUD - Taxation and Customs Union",Open,,TAXUD/2025/CC/178,,LOT-0001,,"QINSHIFT CZECHIA SRO---TWENTY8---LEONARDO BELGIUM SA---ARICOMA SYSTEMS",," "," ",
239833-2025,"14/04/2025 (UTC+02)","Belgium – IT services: consulting, software development, Internet and support – Provision of external service providers for DG TAXUD","European Commission, DG TAXUD - Taxation and Customs Union",Open,,TAXUD/2025/CC/178,,LOT-0001,,"QINSHIFT CZECHIA SRO---TWENTY8---LEONARDO BELGIUM SA---ARICOMA SYSTEMS",," "," ",
239833-2025,"14/04/2025 (UTC+02)","Belgium – IT services: consulting, software development, Internet and support – Provision of external service providers for DG TAXUD","European Commission, DG TAXUD - Taxation and Customs Union",Open,,TAXUD/2025/CC/179,,LOT-0001,,"FINCONS BE---FINCONS SPA---VASS EU SERVICES",," "," ",
239833-2025,"14/04/2025 (UTC+02)","Belgium – IT services: consulting, software development, Internet and support – Provision of external service providers for DG TAXUD","European Commission, DG TAXUD - Taxation and Customs Union",Open,,TAXUD/2025/CC/179,,LOT-0001,,"FINCONS BE---FINCONS SPA---VASS EU SERVICES",," "," ",
239833-2025,"14/04/2025 (UTC+02)","Belgium – IT services: consulting, software development, Internet and support – Provision of external service providers for DG TAXUD","European Commission, DG TAXUD - Taxation and Customs Union",Open,,TAXUD/2025/CC/179,,LOT-0001,,"FINCONS BE---FINCONS SPA---VASS EU SERVICES",," "," ",
240508-2025,"14/04/2025 (UTC+02)","Belgium – IT services: consulting, software development, Internet and support – Secure operations of TAXUD central and distributed Information Systems (TAXUD-OPS)","European Commission, DG TAXUD - Taxation and Customs Union",Open,,,,LOT-0001,,"Not Awarded",," "," ",
241597-2025,"14/04/2025 (UTC+02)","Belgium – Software package and information systems – Microsoft ILA-2025","European Commission, DG DIGIT - Digital Services","Negotiated without prior call for competition",,DI-08110,,LOT-0001,,"Microsoft Ireland Operations Limited","1,00",,,EUR
241763-2025,"14/04/2025 (UTC+02)","Belgium – IT services: consulting, software development, Internet and support – Secure operations of TAXUD central and distributed Information Systems (TAXUD-OPS)","European Commission, DG TAXUD - Taxation and Customs Union",Open,,,,LOT-0002,,"Not Awarded",," "," ",
243271-2025,"15/04/2025 (UTC+02)","Montenegro – Technical assistance services – Technical assistance for capacity building and improved legal harmonization, performance and efficiency within the transport sector in Montenegro","European Union, represented by the European Commission on behalf of and for the account of Montenegro",Restricted,,"IPA III/2024/462-662",,LOT-0001,,"DAI GLOBAL BELGIUM---ENOVA D.O.O. SARAJEVO---DEUTSCHE GESELLSCHAFT FUR INTERNATIONALE ZUSAMMENARBEIT (GIZ) GMBH",," "," ",
243623-2025,"15/04/2025 (UTC+02)","Spain – Research and experimental development services – Capacity building and Experimentation for Innovation for Place-based Transformation","European Commission, DG JRC - Joint Research Centre",Open,,300110540,,LOT-0001,,"Stichting Climate-KIC International Foundation---EUROPEAN REGIONS RESEARCH AND INNOVATION NETWORK---ASSOCIATION EUROPEENNE DES AGENCESDE DEVELOPPEMENT",," "," ",
244080-2025,"15/04/2025 (UTC+02)","Georgia – Research and development services and related consultancy services – Support to the creation of Georgia’s Digital Hub","European Commission, ENEST.C - Neighbourhood East & Türkiye",Restricted,,,,LOT-0001,,"Not Awarded",," "," ",
246742-2025,"15/04/2025 (UTC+02)","Belgium – Telecommunications services – GEANT/Internet connection for JRC-Geel","European Commission, DG JRC - Joint Research Centre","Negotiated without prior call for competition",,300120012,,LOT-0001,,"BELNET RESEAU TELEMATIQUE BELGE DE LA RECHERCHE ~ BELNET BELGISCH TELEMATICAONDERZOEKNETWERK, BELNET RESEAU TELEMATIQUE BBELGE DE LA RECHERCHE",," "," ",
249006-2025,"16/04/2025 (UTC+02)","Slovenia, Belgium – Reception services – Management of the information Centre and Europa Experience (INFO POINT) in the House of European Union in Ljubljana","European Commission, DG COMM - Communication, EP - European Parliament",Open,,EC-COMM/LJU/2024/OP/0376,,LOT-0001,,"IPM INSTITUT ZA POLITICNI MENEDZMENT",," "," ",
249454-2025,"16/04/2025 (UTC+02)","North Macedonia – Railway transport services – Technical assistance for upgrading and widenning of railway border crossings along Corridor X and VIII","European Union, represented by the European Commission on behalf of and for the account of North Macedonia",Restricted,,2024/462562,,LOT-0001,,"SAFEGE---TUMAS Turkish Engineering, Consulting, and Contracting Co",," "," ",
249659-2025,"16/04/2025 (UTC+02)","Belgium – Arbitration and conciliation services – Expert research and witness services for the preparation of EU’s defence in the arbitration procedure in Klesch Group Holdings Limited & Others v. European Union, Germany, and Denmark (ICSID Cases No ARB(AF)/23/1, ARB/23/48, and ARB/23/49)","European Commission, DG TAXUD - Taxation and Customs Union","Negotiated without prior call for competition",,TAXUD/2025/CC/181,,LOT-0001,,"NERA ECONOMIC CONSULTING GMBH",," "," ",
249929-2025,"16/04/2025 (UTC+02)","Germany – Draft plans (systems and integration) – Detailplanung der F30-Brandschutzdecken in den Fluren von Flügel M","Europäische Kommission, Gemeinsame Forschungsstelle (JRC)","Negotiated without prior call for competition",,300111392,,LOT-0001,,"wörner nordhues engineering GmbH",," "," ",
252260-2025,"17/04/2025 (UTC+02)","Belgium – IT services: consulting, software development, Internet and support – Better Internet for Kids (BIK) Platform – EU Coordination","European Commission, DG CNECT - Communications Networks, Content and Technology",Open,,4500092722,,LOT-0001,,"EUN PARTNERSHIP AISBL",," "," ",
256091-2025,"18/04/2025 (UTC+02)","Romania, Luxembourg – Cleaning services – Cleaning services for the premises of the EU-House and ECCC in Bucharest, Romania","European Commission, DG COMM - Communication, European Parliament, INLO - Directorate-General for Infrastructure and Logistics, European Cybersecurity Industrial, Technology and Research Competence Centre",Open,,EC-COMM/BUH/2024/OP/0393,,LOT-0001,,"DAROM IMPEX SRL",," "," ",
260364-2025,"23/04/2025 (UTC+02)","Croatia, Luxembourg – Guard services – Security Guard and Reception/Switchboard Services for the premises of the European Commission Representation in Croatia and European Parliament Liaison Office and Europa Experience Centre in Croatia 2025 - 2029","European Commission, DG COMM - Communication, parlement européen, SAFE - Directorate-General for Security and Safety",Restricted,,COMM/ZAG/2024/RP/0437,,LOT-0001,,"SOKOL d.o.o.",," "," ",
261724-2025,"23/04/2025 (UTC+02)","Belgium – Technical analysis or consultancy services – Competition PROSERV-0002 – DIGIT C2 Expert Collaboration System","European Commission, DG DIGIT - Digital Services","Other multiple stage procedure",,T132396,,LOT-0001,,"EDDA INTERNATIONAL S.A.",," "," ",
262841-2025,"23/04/2025 (UTC+02)","Belgium – Hotel meeting and conference services – 2025/A1/A04 - EU Participation in the 14th WTO Ministerial Conference (MC14): logistics","European Commission, DG TRADE - Trade","Negotiated without prior call for competition",,TRADE/2025/A1/A04,,LOT-0001,,"HOTELHILTON CHC ~ CAMEROON HOTEL CORPORATION SA",," "," ",
267405-2025,"25/04/2025 (UTC+02)","Belgium – Environmental services – Sustainable Public Procurement Helpdesk for EU-Institutions and -Bodies","European Parliament, SG - Office of the Secretary-General, European Commission, DG ECFIN - Economic and Financial Affairs",Open,,EMAS-2025-FWC-001,,LOT-0001,,"CODUCO---ICLEI EUROPEAN SECRETARIAT GMBH (ICLEI EUROPASEKRETARIAT GMBH)",," "," ",
269742-2025,"25/04/2025 (UTC+02)","Belgium – Television broadcast transmission services – Provision of Transmission Services","European Commission, DG COMM - Communication",Open,,EC-COMM/2024/OP/0578,,LOT-0001,,"SERVICIOS AUDIOVISUALES OVERON SL",," "," ",
270110-2025,"28/04/2025 (UTC+02)","Belgium, Luxembourg, France, Spain, Greece, Hungary, Slovakia, Portugal, Netherlands, Italy, Malta, Slovenia, Germany – Training services – Language training for the Institutions, Bodies and Agencies of the European Union","European Commission, DG HR - Human Resources and Security, Court of Justice of the European Union, EP - European Parliament, European Court of Auditors, European External Action Service (EEAS), OMBUDSMAN - European Ombudsman, The General Secretariat of the Council of the European Union, Agence Exécutive du Conseil Européen de la Recherche, European Education and Culture Executive Agency (EACEA), European Innovation Council and SMEs Executive Agency (EISMEA), European Research Executive Agency (REA), Health and Digital Executive Agency (HaDEA), AMLA - Authority for Anti-Money Laundering and Countering the Financing of Terrorism, Chips Joint Undertaking, Circular Bio-based Europe Joint Undertaking, Europe's Rail Joint Undertaking, European Agency for Safety and Health at Work (EU-OSHA), European Banking Authority, European Centre for the Development of Vocational Training, European Defence Agency, European Fisheries Control Agency (EFCA), European High-Performance Computing Joint Undertaking, European Institute of Innovation and Technology, European Labour Authority (ELA), European Maritime Safety Agency, European Medicines Agency, European Public Prosecutor’s Office, European Securities and Markets Authority, European Training Foundation (ETF), European Union Agency for Asylum, European Union Agency for Law Enforcement Cooperation, European Union Agency for the Cooperation of Energy Regulators, European Union Aviation Safety Agency, European Union Drugs Agency, F4E - Fusion for Energy Joint Undertaking, Innovative Health Initiative Joint Undertaking (IHI JU), SESAR3 Joint Undertaking, SNS JU - Smart Networks and Services Joint Undertaking, Single Resolution Board (SRB), Translation Centre for the Bodies of the European Union, Committee of the Regions of the European Union, European Economic and Social Committee, ESM - European Stability Mechanism",Open,,,,LOT-0011,,"Not Awarded",," "," ",
273908-2025,"29/04/2025 (UTC+02)","Belgium – Blood products – Human serum Lp(a), APOA-I, APOB","European Commission, DG JRC - Joint Research Centre",Open,,,,LOT-0002,,"Not Awarded",," "," ",
275584-2025,"29/04/2025 (UTC+02)","Belgium – Blood products – Human serum Lp(a), APOA-I, APOB","European Commission, DG JRC - Joint Research Centre",Open,,,,LOT-0001,,"Not Awarded",," "," ",
277359-2025,"29/04/2025 (UTC+02)","Belgium – Blood products – Human serum Lp(a), APOA-I, APOB","European Commission, DG JRC - Joint Research Centre",Open,,,,LOT-0003,,"Not Awarded",," "," ",
278351-2025,"30/04/2025 (UTC+02)","Belgium – Child daycare services – Réservation et occupation de places en crèches autorisées et/ou agréées à Bruxelles (existantes ou à créer)","Commission européenne, OIB - Office for Infrastructure and Logistics in Brussels",Open,,,,LOT-0004,,"Not Awarded",," "," ",
279784-2025,"30/04/2025 (UTC+02)","Belgium – Child daycare services – Réservation et occupation de places en crèches autorisées et/ou agréées à Bruxelles (existantes ou à créer)","Commission européenne, OIB - Office for Infrastructure and Logistics in Brussels",Open,,,,LOT-0002,,"Not Awarded",," "," ",
279951-2025,"30/04/2025 (UTC+02)","Belgium – Child daycare services – Réservation et occupation de places en crèches autorisées et/ou agréées à Bruxelles (existantes ou à créer)","Commission européenne, OIB - Office for Infrastructure and Logistics in Brussels",Open,,,,LOT-0001,,"Not Awarded",," "," ",
280288-2025,"30/04/2025 (UTC+02)","Belgium – Child daycare services – Réservation et occupation de places en crèches autorisées et/ou agréées à Bruxelles (existantes ou à créer)","Commission européenne, OIB - Office for Infrastructure and Logistics in Brussels",Open,,,,LOT-0006,,"Not Awarded",," "," ",
280505-2025,"30/04/2025 (UTC+02)","Belgium – Child daycare services – Réservation et occupation de places en crèches autorisées et/ou agréées à Bruxelles (existantes ou à créer)","Commission européenne, OIB - Office for Infrastructure and Logistics in Brussels",Open,,,,LOT-0005,,"Not Awarded",," "," ",
282850-2025,"02/05/2025 (UTC+02)","Belgium – Market research services – Study to assess the feasibility of a central registry of Text and Data Mining opt-out expressed by rightsholders","European Commission, DG CNECT - Communications Networks, Content and Technology",Open,,4500095823,,LOT-0001,,"CAPGEMINI ESPANA SL---VISIONARY ANALYTICS UAB",," "," ",
285089-2025,"02/05/2025 (UTC+02)","Belgium, Finland – Portfolio management services – IP portfolio management","European Commission, DG JRC - Joint Research Centre, European Chemicals Agency",Open,,CCR.462,,LOT-0001,,"De Tullio & Partners Srl---Deloitte Legal Società tra Avvocati a Responsabilità Limitata Società Benefit",," "," ",
285978-2025,"05/05/2025 (UTC+02)","Belgium – Business and management consultancy services – Study on strengthening the role of substitution planning in the context of REACH and other EU chemicals legislation","European Commission, DG GROW - Internal Market, Industry, Entrepreneurship and SMEs",Open,,SI2.908785,,LOT-0001,,"AIR QUALITY CONSULTANTS LTD",," "," ",
286412-2025,"05/05/2025 (UTC+02)","Belgium – Feasibility study – Technical studies to support the inclusion of new materials and microorganisms under the Fertilising Products Regulation","European Commission, DG GROW - Internal Market, Industry, Entrepreneurship and SMEs",Open,,SI2.905871,,LOT-0001,,"AIT AUSTRIAN INSTITUTE OF TECHNOLOGY GMBH",," "," ",
287828-2025,"05/05/2025 (UTC+02)","Belgium – Feasibility study – Technical studies to support the inclusion of new materials and microorganisms under the Fertilising Products Regulation","European Commission, DG GROW - Internal Market, Industry, Entrepreneurship and SMEs",Open,,SI2.905966,,LOT-0002,,"NUTRIENTEN MANAGEMENT INSTITUUT NMIBV",," "," ",
290180-2025,"06/05/2025 (UTC+02)","Belgium – Other community, social and personal services – EU One Stop Shop Supporting Green Line Trade & Businesses","European Commission, REGIO - Regional and Urban Policy",Restricted,,2025/483-587,,LOT-0001,,"NIRAS IC SP ZOO",," "," ",
290637-2025,"06/05/2025 (UTC+02)","Germany – Repair and maintenance services of measuring apparatus – Serviceleistungen und Ersatzteile für Massenspektrometersysteme von ThermoFisher","Europäische Kommission, Gemeinsame Forschungsstelle (JRC)","Negotiated without prior call for competition",,947283,,LOT-0001,,"THERMO FISHER SCIENTIFIC GMBH",," "," ",
291291-2025,"07/05/2025 (UTC+02)","Belgium – Research and development services and related consultancy services – Production and use of advanced materials","European Commission, DG GROW - Internal Market, Industry, Entrepreneurship and SMEs",Open,,300117213,,LOT-0001,,"EY ECONOMIC AND POLICY ADVISORY SERVICES SRL",," "," ",
292065-2025,"07/05/2025 (UTC+02)","Belgium – IT services: consulting, software development, Internet and support – Secure operations of TAXUD central and distributed Information Systems (TAXUD-OPS)","European Commission, DG TAXUD - Taxation and Customs Union",Open,,2025/CC/180,,LOT-0003,,"NTT DATA BELGIQUE---NTT BELGIUM",," "," ",
295426-2025,"08/05/2025 (UTC+02)","Belgium – Desktop computer – DPS ITS Competition 12","European Commission, DG DIGIT - Digital Services","Other multiple stage procedure",,DI-08240,,LOT-0001,,"ARKTIS IT SOLUTIONS GMBH",," "," ",
298359-2025,"12/05/2025 (UTC+02)","Belgium – Museum-exhibition services – Europa Experience Floor Staff - Greece","European Parliament, COMM - Directorate-General for Communication, EC - European Commission",Open,,"COMM/LO-GR_ATH/FWC/2025/5",,LOT-0001,,"CIVITTA EESTI AS---KSM OUTSOURCING SOLUTIONS SA",," "," ",
298685-2025,"12/05/2025 (UTC+02)","Belgium – Business and management consultancy and related services – Multiple Framework Contracts for the provision of services in relation to impact assessment, evaluation and monitoring, in the field of employment, skills, social affairs and inclusion","European Commission, DG EMPL - Employment, Social Affairs and Inclusion",Open,"no, no, no, no, no, no, no","EMPL EVAL_2025_07","Multiple Framework Contracts for the provision of services in relation to impact assessment, evaluation and monitoring, in the field of employment, skills, social affairs and inclusion",LOT-0001,,"Panteia B.V.---empirica Gesellschaft für Kommunikations- und Technologieforschung mbH---Deloitte Consulting and Advisory BV.---Oxford Research AB---IDEA Strategische Economische Consulting",," "," ",
298685-2025,"12/05/2025 (UTC+02)","Belgium – Business and management consultancy and related services – Multiple Framework Contracts for the provision of services in relation to impact assessment, evaluation and monitoring, in the field of employment, skills, social affairs and inclusion","European Commission, DG EMPL - Employment, Social Affairs and Inclusion",Open,"no, no, no, no, no, no, no","EMPL EVAL_2025_04","Multiple Framework Contracts for the provision of services in relation to impact assessment, evaluation and monitoring, in the field of employment, skills, social affairs and inclusion",LOT-0001,,"Milieu Consulting Official---Fondazione Giacomo Brodolini S.r.l. SB---Ramboll Management Consulting SA/NV",," "," ",
298685-2025,"12/05/2025 (UTC+02)","Belgium – Business and management consultancy and related services – Multiple Framework Contracts for the provision of services in relation to impact assessment, evaluation and monitoring, in the field of employment, skills, social affairs and inclusion","European Commission, DG EMPL - Employment, Social Affairs and Inclusion",Open,"no, no, no, no, no, no, no","EMPL EVAL_2025_03","Multiple Framework Contracts for the provision of services in relation to impact assessment, evaluation and monitoring, in the field of employment, skills, social affairs and inclusion",LOT-0001,,"RAND Europe Community Interest Company---EY Advisory spa---Istituto per la Ricerca Sociale soc.coop.",," "," ",
298685-2025,"12/05/2025 (UTC+02)","Belgium – Business and management consultancy and related services – Multiple Framework Contracts for the provision of services in relation to impact assessment, evaluation and monitoring, in the field of employment, skills, social affairs and inclusion","European Commission, DG EMPL - Employment, Social Affairs and Inclusion",Open,"no, no, no, no, no, no, no","EMPL EVAL_2025_06","Multiple Framework Contracts for the provision of services in relation to impact assessment, evaluation and monitoring, in the field of employment, skills, social affairs and inclusion",LOT-0001,,"ICF S.A.---ICF Consulting Services Limited---Applica SRL---Open Evidence SL---Ismeri Europa Srl - Istituto di Ricerca Interdisciplinare",," "," ",
298685-2025,"12/05/2025 (UTC+02)","Belgium – Business and management consultancy and related services – Multiple Framework Contracts for the provision of services in relation to impact assessment, evaluation and monitoring, in the field of employment, skills, social affairs and inclusion","European Commission, DG EMPL - Employment, Social Affairs and Inclusion",Open,"no, no, no, no, no, no, no","EMPL EVAL_2025_05","Multiple Framework Contracts for the provision of services in relation to impact assessment, evaluation and monitoring, in the field of employment, skills, social affairs and inclusion",LOT-0001,,"Technopolis Consulting Group Belgium---IPSOS NV---Centre for Strategy & Evaluation Services (Europe) Limited---Prognos AG---Visionary Analytics, UAB---ZEW - Leibniz-Zentrum für Europäische Wirtschaftsforschung GmbH Mannheim",," "," ",
298685-2025,"12/05/2025 (UTC+02)","Belgium – Business and management consultancy and related services – Multiple Framework Contracts for the provision of services in relation to impact assessment, evaluation and monitoring, in the field of employment, skills, social affairs and inclusion","European Commission, DG EMPL - Employment, Social Affairs and Inclusion",Open,"no, no, no, no, no, no, no","EMPL EVAL_2025_02","Multiple Framework Contracts for the provision of services in relation to impact assessment, evaluation and monitoring, in the field of employment, skills, social affairs and inclusion",LOT-0001,,"PPMI Group, UAB---Verian Group Belgium SA---Cambridge Econometrics (Belgium) BV",," "," ",
298685-2025,"12/05/2025 (UTC+02)","Belgium – Business and management consultancy and related services – Multiple Framework Contracts for the provision of services in relation to impact assessment, evaluation and monitoring, in the field of employment, skills, social affairs and inclusion","European Commission, DG EMPL - Employment, Social Affairs and Inclusion",Open,"no, no, no, no, no, no, no","EMPL EVAL_2025_01","Multiple Framework Contracts for the provision of services in relation to impact assessment, evaluation and monitoring, in the field of employment, skills, social affairs and inclusion",LOT-0001,,"Ecorys Europe EEIG-GEIE---Katholieke Universiteit Leuven---Spark Legal and Policy Consulting BV---3s Unternehmensberatung GmbH---wmp consult - Wilke Maack GmbH",," "," ",
300256-2025,"12/05/2025 (UTC+02)","Romania, Belgium – Guard services – Security Guard and Reception Services for the EUROPEAN COMMISSION Representation, the EUROPEAN PARLIAMENT Liaison Office and the EUROPEAN CYBERSECURITY AND COMPETENCES CENTER in Bucharest","European Commission, DG COMM - Communication, EP - European Parliament, European Cybersecurity Industrial, Technology and Research Competence Centre",Restricted,,EC-COMM/BUH/2024/RP/0283,,LOT-0001,,"RPG SECURITY CENTER",," "," ",
302382-2025,"13/05/2025 (UTC+02)","Germany – Surveillance system – Durchführung von Hard – Software Upgrade GVMS Siemens Topsis im JRC Karlsruhe","Europäische Kommission, Gemeinsame Forschungsstelle (JRC)","Negotiated without prior call for competition",,300117989,,LOT-0001,,"Siemens AG",," "," ",
306737-2025,"13/05/2025 (UTC+02)","Belgium – Health and social work services – Dental officer services for the European Union’s Joint Sickness Insurance Scheme (JSIS)","European Commission, PMO - Office for the Administration and Payment of Individual Entitlements",Open,,EC-PMO/2024/OP/0011,,LOT-0001,,"Tandartskabinet verdi---SOKOL EDMOND---ERNST René---Marco Landi",," "," ",
308224-2025,"14/05/2025 (UTC+02)","Belgium – Medical equipments – Provision of Medical equipment for Civilian CSDP Missions, European Union Special Representatives and other CFSP-funded entities.","European Commission, FPI - Service for Foreign Policy Instruments",Open,,,,LOT-0002,,"Not Awarded",," "," ",
308641-2025,"14/05/2025 (UTC+02)","Netherlands – Nuclear safety services – NL-Petten: Topical studies on nuclear power plants operating experience","European Commission, DG JRC - Joint Research Centre",Open,,CCR.466,,LOT-0001,,"GESELLSCHAFT FUR ANLAGEN UND REAKTORSICHERHEIT (GRS) gGmbH---INSTITUT DE RADIOPROTECTION ET DE SURETE NUCLEAIRE---REGIA AUTONOMA TEHNOLOGII PENTRU ENERGIA NUCLEARA - RATEN",," "," ",
310966-2025,"14/05/2025 (UTC+02)","Belgium – Medical equipments – Provision of Medical equipment for Civilian CSDP Missions, European Union Special Representatives and other CFSP-funded entities.","European Commission, FPI - Service for Foreign Policy Instruments",Open,,,,LOT-0001,,"Not Awarded",," "," ",
311561-2025,"15/05/2025 (UTC+02)","South Africa – Development consultancy services – NDICI Cooperation Facility Economics","European Commission, INTPA - International Partnerships",Restricted,,460596,,LOT-0001,,"LANDELL MILLS INTERNATIONAL LIMITED---Imani Development (South Africa) (Pty) Ltd",," "," ",
312699-2025,"15/05/2025 (UTC+02)","Belgium – Legal advisory and information services – Legal advice for the Welcome Offices of the European Commission (6 lots)","European Commission, DG HR - Human Resources and Security",Open,,EC-HR/2024/OP/0190,,LOT-0005,,"MULLER, WOERNLE & NEUMANN RECHTSANWALTE",," "," ",
317259-2025,"16/05/2025 (UTC+02)","Kenya, Belgium – Security services – Security Services framework contract – EU Delegation to Kenya","European External Action Service (EEAS), European Commission, DG ECHO - European Civil Protection and Humanitarian Aid Operations (ECHO)","Negotiated with prior publication of a call for competition / competitive with negotiation",,"EEAS/DELKENN/2024/CPN/0055-2025",,LOT-0001,,"Securex Agencies (Kenya) Limited---AMARANTE INTERNATIONAL",," "," ",
319956-2025,"19/05/2025 (UTC+02)","Italy – Technical testing, analysis and consultancy services – Consultancy and testing services related to microplastic and particle emissions from automotive vehicle tyres and brakes","European Commission, DG JRC - Joint Research Centre","Negotiated with prior publication of a call for competition / competitive with negotiation",,"CCR 463","Consultancy and testing services related to microplastic and particle emissions from automotive vehicle brakes",LOT-0001,,"Forschungsgesellschaft fur Verbrennungskraftmaschinen und Thermodynamik GmbH---Technische Universitaet Graz---Emisia Sa – Anonimi Etairia Perivallontikon Kai Nergiakon Meleton Kai Anaptixis Logismikou---Avl List Gmbh---Aristotelio Panepistimio Thessalonikis",," "," ",
319956-2025,"19/05/2025 (UTC+02)","Italy – Technical testing, analysis and consultancy services – Consultancy and testing services related to microplastic and particle emissions from automotive vehicle tyres and brakes","European Commission, DG JRC - Joint Research Centre","Negotiated with prior publication of a call for competition / competitive with negotiation",,"CCR 464","Consultancy and testing services related to microplastic and particle emissions from automotive vehicle brakes",LOT-0001,,"IDIADA Automotive Technology---TUV Nord Mobilitat Gmbh &Co KG---Nederlandse Organisatie voor Toegepast Natuurwetenscha Ppelijk Onderzoek TNO---RICARDO-AEA Ltd",," "," ",
319956-2025,"19/05/2025 (UTC+02)","Italy – Technical testing, analysis and consultancy services – Consultancy and testing services related to microplastic and particle emissions from automotive vehicle tyres and brakes","European Commission, DG JRC - Joint Research Centre","Negotiated with prior publication of a call for competition / competitive with negotiation",,"CCR 465","Consultancy and testing services related to microplastic and particle emissions from automotive vehicle brakes",LOT-0001,,"LINK ENGINEERING COMPANY GMBH",," "," ",
320051-2025,"19/05/2025 (UTC+02)","North Macedonia – Social services – Support of Quality Assurance System for Social Services","European Union, represented by the European Commission on behalf of and for the account of North Macedonia",Restricted,,"IPAIII 2024/460-113",,LOT-0001,,"WYG SAVJETOVANJE DOO---CGM CONSORZIO NAZIONALE DELLA COOPERAZIONE SOCIALE GINO MATTARELLI - SOCIETA' COOPERATIVA SOCIALE",," "," ",
320063-2025,"19/05/2025 (UTC+02)","Belgium – IT services: consulting, software development, Internet and support – IT Service Management of the deployment and operations of Trans-European Systems of DG TAXUD and those of the Member States","European Commission, DG TAXUD - Taxation and Customs Union",Open,,TAXUD/2025/CC/182,,LOT-0001,,"NTT DATA BELGIQUE",," "," ",
320083-2025,"19/05/2025 (UTC+02)","Belgium – Environmental services – FRAMEWORK CONTRACT (2 LOTS) ON LEGAL AND TECHNICAL ASSESSMENTS OF MEMBER STATES' COMPLIANCE WITH THE APPLICABLE EU ENVIRONMENTAL LEGISLATION","European Commission, DG ENV - Environment",Open,,"ENV.E3/FRA/2024/0017 – Lot 2",,LOT-0002,,"MILIEU CONSULTING",," "," ",
320256-2025,"19/05/2025 (UTC+02)","Ireland – Event services – Framework Contract for the provision of Event Organisation and Related Services for the European Commission Representation in Ireland","European Commission, DG COMM - Communication",Open,,EC-COMM/DUB/2024/OP/0213,,LOT-0001,,"GDSI LIMITED",," "," ",
322060-2025,"19/05/2025 (UTC+02)","Belgium – Environmental services – FRAMEWORK CONTRACT (2 LOTS) ON LEGAL AND TECHNICAL ASSESSMENTS OF MEMBER STATES' COMPLIANCE WITH THE APPLICABLE EU ENVIRONMENTAL LEGISLATION","European Commission, DG ENV - Environment",Open,,"ENV.E3/FRA/2024/0017 – Lot 1",,LOT-0001,,"MILIEU CONSULTING",," "," ",
322344-2025,"20/05/2025 (UTC+02)","Belgium – IT services: consulting, software development, Internet and support – IT Service Management of the deployment and operations of Trans-European Systems of DG TAXUD and those of the Member States","European Commission, DG TAXUD - Taxation and Customs Union",Open,,TAXUD/2025/CC/183,,LOT-0002,,"Sword Services Greece SA---NTT DATA BELGIQUE",," "," ",
323220-2025,"20/05/2025 (UTC+02)","Germany – Facade work – Fassadenbauarbeiten am Neubau Flügel M im JRC Karlsruhe","Europäische Kommission, Gemeinsame Forschungsstelle (JRC)",Open,,"CCR.461-2025-04 KAR DE",,LOT-0001,,"DECKER & RUCKERT PREMIUMFASSADEN GMBH",," "," ",
326959-2025,"21/05/2025 (UTC+02)","Belgium – General public services – Data collection for monitoring the reinforced Youth Guarantee and the integration of the long-term unemployed into the labour market","European Commission, DG EMPL - Employment, Social Affairs and Inclusion",Open,,4500087917,,LOT-0001,,"ALPHAMETRICS LTD",," "," ",
328258-2025,"21/05/2025 (UTC+02)","Belgium – Machinery for filling or closing bottles, cans or other containers – Supply of a machine for uncapping, filling, capping and labelling of microtubes","European Commission, DG JRC - Joint Research Centre",Open,,,,LOT-0001,,"Not Awarded",," "," ",
329011-2025,"21/05/2025 (UTC+02)","Belgium – Environmental services – Technical and Legal Assistance for the Implementation of EU Water Legislation and the European Water Resilience Strategy","European Commission, DG ENV - Environment",Open,,"090202/2025/4500094258/SER/ENV.C1",,LOT-0001,,"MILIEU CONSULTING",," "," ",
329881-2025,"22/05/2025 (UTC+02)","Belgium, Luxembourg, France, Latvia, Netherlands, Spain, Poland, Sweden, Finland, Denmark, Italy, Ireland, Lithuania, Hungary, Germany, Slovakia, Portugal, Malta, Greece, Austria, Slovenia, Estonia, Czechia – Training services – Digital Skills Learning & Development Services for the EU Institutions, Bodies and Agencies","European Commission, DG HR - Human Resources and Security, Court of Justice of the European Union, EDPS - European Data Protection Supervisor, EP - European Parliament, European Court of Auditors, European External Action Service (EEAS), OMBUDSMAN - European Ombudsman, The General Secretariat of the Council of the European Union, Agence Exécutive du Conseil Européen de la Recherche, European Climate, Infrastructure and Environment Executive Agency (CINEA), European Education and Culture Executive Agency (EACEA), European Innovation Council and SMEs Executive Agency (EISMEA), European Research Executive Agency (REA), Health and Digital Executive Agency (HaDEA), AMLA - Authority for Anti-Money Laundering and Countering the Financing of Terrorism, Agency for Support for BEREC (BEREC Office), CEDEFOP - European Centre for the Development of Vocational Training, Circular Bio-based Europe Joint Undertaking, Clean Aviation Joint Undertaking, Clean Hydrogen Joint Undertaking, Community Plant Variety Office, EDCTP3 JU - Global Health EDCTP3 Joint Undertaking, Eurojust, Europe's Rail Joint Undertaking, European Agency for Safety and Health at Work (EU-OSHA), European Banking Authority, European Border and Coast Guard Agency (FRONTEX), European Centre for Disease Prevention and Control, European Chemicals Agency, European Defence Agency, European Environment Agency (EEA), European Fisheries Control Agency (EFCA), European Food Safety Authority, European Foundation for the Improvement of Living and Working Conditions, European High-Performance Computing Joint Undertaking, European Institute for Gender Equality, European Institute of Innovation and Technology, European Insurance and Occupational Pensions Authority, European Investment Bank, European Investment Fund, European Labour Authority (ELA), European Maritime Safety Agency, European Medicines Agency, European Public Prosecutor’s Office, European Securities and Markets Authority, European Training Foundation (ETF), European Union Agency For Law Enforcement Training, European Union Agency for Asylum, European Union Agency for Cybersecurity (ENISA), European Union Agency for Fundamental Rights, European Union Agency for Law Enforcement Cooperation, European Union Agency for Railways, European Union Agency for the Cooperation of Energy Regulators, European Union Agency for the Operational Management of Large-Scale IT Systems in the Area of Freedom, Security and Justice (eu-LISA), European Union Agency for the Space Programme, European Union Aviation Safety Agency, European Union Drugs Agency, F4E - Fusion for Energy Joint Undertaking, Innovative Health Initiative Joint Undertaking (IHI JU), SESAR3 Joint Undertaking, SNS JU - Smart Networks and Services Joint Undertaking, Single Resolution Board (SRB), Committee of the Regions of the European Union, European Economic and Social Committee",Open,,"EC-HR/2024/OP/0013 LOT 3",,LOT-0003,,"CAPGEMINI NEDERLAND BV",," "," ",
330608-2025,"22/05/2025 (UTC+02)","Belgium, Luxembourg, France, Latvia, Netherlands, Spain, Poland, Sweden, Finland, Denmark, Italy, Ireland, Lithuania, Hungary, Germany, Slovakia, Portugal, Malta, Greece, Austria, Slovenia, Estonia, Czechia – Training services – Digital Skills Learning & Development Services for the EU Institutions, Bodies and Agencies","European Commission, DG HR - Human Resources and Security, Court of Justice of the European Union, EDPS - European Data Protection Supervisor, EP - European Parliament, European Court of Auditors, European External Action Service (EEAS), OMBUDSMAN - European Ombudsman, The General Secretariat of the Council of the European Union, Agence Exécutive du Conseil Européen de la Recherche, European Climate, Infrastructure and Environment Executive Agency (CINEA), European Education and Culture Executive Agency (EACEA), European Innovation Council and SMEs Executive Agency (EISMEA), European Research Executive Agency (REA), Health and Digital Executive Agency (HaDEA), AMLA - Authority for Anti-Money Laundering and Countering the Financing of Terrorism, Agency for Support for BEREC (BEREC Office), CEDEFOP - European Centre for the Development of Vocational Training, Circular Bio-based Europe Joint Undertaking, Clean Aviation Joint Undertaking, Clean Hydrogen Joint Undertaking, Community Plant Variety Office, EDCTP3 JU - Global Health EDCTP3 Joint Undertaking, Eurojust, Europe's Rail Joint Undertaking, European Agency for Safety and Health at Work (EU-OSHA), European Banking Authority, European Border and Coast Guard Agency (FRONTEX), European Centre for Disease Prevention and Control, European Chemicals Agency, European Defence Agency, European Environment Agency (EEA), European Fisheries Control Agency (EFCA), European Food Safety Authority, European Foundation for the Improvement of Living and Working Conditions, European High-Performance Computing Joint Undertaking, European Institute for Gender Equality, European Institute of Innovation and Technology, European Insurance and Occupational Pensions Authority, European Investment Bank, European Investment Fund, European Labour Authority (ELA), European Maritime Safety Agency, European Medicines Agency, European Public Prosecutor’s Office, European Securities and Markets Authority, European Training Foundation (ETF), European Union Agency For Law Enforcement Training, European Union Agency for Asylum, European Union Agency for Cybersecurity (ENISA), European Union Agency for Fundamental Rights, European Union Agency for Law Enforcement Cooperation, European Union Agency for Railways, European Union Agency for the Cooperation of Energy Regulators, European Union Agency for the Operational Management of Large-Scale IT Systems in the Area of Freedom, Security and Justice (eu-LISA), European Union Agency for the Space Programme, European Union Aviation Safety Agency, European Union Drugs Agency, F4E - Fusion for Energy Joint Undertaking, Innovative Health Initiative Joint Undertaking (IHI JU), SESAR3 Joint Undertaking, SNS JU - Smart Networks and Services Joint Undertaking, Single Resolution Board (SRB), Committee of the Regions of the European Union, European Economic and Social Committee",Open,,"EC-HR/2024/OP/0013 LOT 1",,LOT-0001,,"KEY JOB SA---CRONOS EUROPA",," "," ",
331898-2025,"22/05/2025 (UTC+02)","Belgium, Luxembourg, France, Latvia, Netherlands, Spain, Poland, Sweden, Finland, Denmark, Italy, Ireland, Lithuania, Hungary, Germany, Slovakia, Portugal, Malta, Greece, Austria, Slovenia, Estonia, Czechia – Training services – Digital Skills Learning & Development Services for the EU Institutions, Bodies and Agencies","European Commission, DG HR - Human Resources and Security, Court of Justice of the European Union, EDPS - European Data Protection Supervisor, EP - European Parliament, European Court of Auditors, European External Action Service (EEAS), OMBUDSMAN - European Ombudsman, The General Secretariat of the Council of the European Union, Agence Exécutive du Conseil Européen de la Recherche, European Climate, Infrastructure and Environment Executive Agency (CINEA), European Education and Culture Executive Agency (EACEA), European Innovation Council and SMEs Executive Agency (EISMEA), European Research Executive Agency (REA), Health and Digital Executive Agency (HaDEA), AMLA - Authority for Anti-Money Laundering and Countering the Financing of Terrorism, Agency for Support for BEREC (BEREC Office), CEDEFOP - European Centre for the Development of Vocational Training, Circular Bio-based Europe Joint Undertaking, Clean Aviation Joint Undertaking, Clean Hydrogen Joint Undertaking, Community Plant Variety Office, EDCTP3 JU - Global Health EDCTP3 Joint Undertaking, Eurojust, Europe's Rail Joint Undertaking, European Agency for Safety and Health at Work (EU-OSHA), European Banking Authority, European Border and Coast Guard Agency (FRONTEX), European Centre for Disease Prevention and Control, European Chemicals Agency, European Defence Agency, European Environment Agency (EEA), European Fisheries Control Agency (EFCA), European Food Safety Authority, European Foundation for the Improvement of Living and Working Conditions, European High-Performance Computing Joint Undertaking, European Institute for Gender Equality, European Institute of Innovation and Technology, European Insurance and Occupational Pensions Authority, European Investment Bank, European Investment Fund, European Labour Authority (ELA), European Maritime Safety Agency, European Medicines Agency, European Public Prosecutor’s Office, European Securities and Markets Authority, European Training Foundation (ETF), European Union Agency For Law Enforcement Training, European Union Agency for Asylum, European Union Agency for Cybersecurity (ENISA), European Union Agency for Fundamental Rights, European Union Agency for Law Enforcement Cooperation, European Union Agency for Railways, European Union Agency for the Cooperation of Energy Regulators, European Union Agency for the Operational Management of Large-Scale IT Systems in the Area of Freedom, Security and Justice (eu-LISA), European Union Agency for the Space Programme, European Union Aviation Safety Agency, European Union Drugs Agency, F4E - Fusion for Energy Joint Undertaking, Innovative Health Initiative Joint Undertaking (IHI JU), SESAR3 Joint Undertaking, SNS JU - Smart Networks and Services Joint Undertaking, Single Resolution Board (SRB), Committee of the Regions of the European Union, European Economic and Social Committee",Open,,"EC-HR/2024/OP/0013 LOT 2",,LOT-0002,,"ABILWAYS S.A---Learning Tree International Ltd",," "," ",
332360-2025,"23/05/2025 (UTC+02)","Bosnia and Herzegovina – Security, fire-fighting, police and defence equipment – EU Support for strengthening mine action in Bosnia and Herzegovina","European Commission, ENEST.B - Western Balkans",Open,,2025/483-598,,LOT-0001,,"GUMA M",," "," ",
332611-2025,"23/05/2025 (UTC+02)","Bosnia and Herzegovina – Security, fire-fighting, police and defence equipment – EU Support for strengthening mine action in Bosnia and Herzegovina","European Commission, ENEST.B - Western Balkans",Open,,,,LOT-0002,,"Not Awarded",," "," ",
332735-2025,"23/05/2025 (UTC+02)","Bosnia and Herzegovina – Security, fire-fighting, police and defence equipment – EU Support for strengthening mine action in Bosnia and Herzegovina","European Commission, ENEST.B - Western Balkans",Open,,2025/483-594,,LOT-0004,,"ATEX d.o.o. Sarajevo",," "," ",
333158-2025,"23/05/2025 (UTC+02)","Bosnia and Herzegovina – Security, fire-fighting, police and defence equipment – EU Support for strengthening mine action in Bosnia and Herzegovina","European Commission, ENEST.B - Western Balkans",Open,,,,LOT-0003,,"Not Awarded",," "," ",
333439-2025,"23/05/2025 (UTC+02)","Bosnia and Herzegovina – Security, fire-fighting, police and defence equipment – EU Support for strengthening mine action in Bosnia and Herzegovina","European Commission, ENEST.B - Western Balkans",Open,,,,LOT-0005,,"Not Awarded",," "," ",
334449-2025,"23/05/2025 (UTC+02)","Panama, Belgium – Security services – Contrato de seguridad para la delegacion de la Union europea en Panama y de la Direccion General de la Comision europea ECHO en Panama","European External Action Service (EEAS), Comisión Europea, DG ECHO - European Civil Protection and Humanitarian Aid Operations (ECHO)","Negotiated with prior publication of a call for competition / competitive with negotiation",,"EEAS/DELPANP/2023/CPN/0418-2025",,LOT-0001,,"GEOS SAS---MOVIALARM S.A.---VIGILANCIA ESPECIAL S.A.",," "," ",
340113-2025,"27/05/2025 (UTC+02)","Cambodia – Development consultancy services – EU4PFMCambodia - Institutional strengthening and policy dialogue support in the framework of the EU-Cambodia Partnership for Public Financial Management Reform","European Commission, INTPA - International Partnerships",Restricted,,ACA/2024/457-277,,LOT-0001,,"FOUR ASSIST DEVELOPMENT CONSULTINGLIMITED---ADAM SMITH EUROPE BV","1 918 500,00",,,EUR
344204-2025,"28/05/2025 (UTC+02)","Belgium – Business services: law, marketing, consulting, recruitment, printing and security – Multiple Framework Contract to Support EU Electoral Missions","European Commission, FPI - Service for Foreign Policy Instruments",Restricted,,,,LOT-0001,,"Not Awarded",," "," ",
344831-2025,"28/05/2025 (UTC+02)","Luxembourg – Health services – Whole Body Counter measurements for committed effective dose assessment of exposed workers","European Commission, DG ENER - Energy",Open,,,,LOT-0001,,"Not Awarded",," "," ",
345169-2025,"28/05/2025 (UTC+02)","Belgium – Software testing – Provision of online testing tools for eHealth services","European Commission, DG SANTE - Health and Food Safety",Open,,EC-SANTE/2024/OP/0040,,LOT-0001,,"INTEGRATING THE HEALTHCARE ENTERPRISE CATALYST",," "," ",
345741-2025,"28/05/2025 (UTC+02)","Tajikistan – 4-wheel-drive vehicles – Supply and delivery of two new SUV 4WD vehicles to support energy sector of Tajikistan","European Commission, INTPA - International Partnerships",Open,,,,LOT-0001,,"Not Awarded",," "," ",
351840-2025,"02/06/2025 (UTC+02)","Belgium – Environmental services – Scientific and technical assistance for the implementation and preparatory work for the evaluation of Directive 2010/63/EU on the protection of animals used for scientific purposes","European Commission, DG ENV - Environment",Open,,"090202/2025/4500084884/SER/ENV.B2",,LOT-0001,,"SCIENCE&STRATEGY SL---ANDERSON DAVID---RYDER KATHRYN OLIVIA---David Claire R Vanneste","419 496,00",,,EUR
361156-2025,"04/06/2025 (UTC+02)","Serbia – Transport services (excl. Waste transport) – Technical assistance to Railway sector of Serbia","European Union, represented by the European Commission on behalf of and for the account of Serbia",Restricted,,,,LOT-0001,,"Not Awarded",," "," ",
362778-2025,"05/06/2025 (UTC+02)","Romania – Project-management services other than for construction work – Information and communication services for the “House of Europe” of the European Commission Representation and the European Parliament Liaison Office in Romania","European Commission, DG COMM - Communication",Open,,"BUC REP_EC-COMMBUH2024OP0650",,LOT-0001,,"Hikari Group",," "," ",
364746-2025,"05/06/2025 (UTC+02)","Belgium – Technical analysis or consultancy services – Competition PROSERV-0003 – DIGIT C1 Senior Multi-Cloud Advisor","European Commission, DG DIGIT - Digital Services","Other multiple stage procedure",,T133304,,LOT-0001,,BECHTLE,"1 195 700,00",,,EUR
365651-2025,"06/06/2025 (UTC+02)","Palestine – Information technology services – PEGASE IT support 2025-2026","European Union, represented by the European Commission on behalf of and for the account of Palestine *","Negotiated without prior call for competition",,483588,,LOT-0001,,"EXPERTS TURNKEY SOLUTIONS---ULTIMIT Advanced Turnkey Solutions","289 000,00",,,EUR
366956-2025,"06/06/2025 (UTC+02)","Belgium – Feasibility study – Culture and Democracy Study and Peer Learning - School/Culture Collaborations for Civic Engagement and Critical Citizenship Education","European Commission, DG EAC - Education, Youth, Sport and Culture",Open,,EAC-2025-0113,,LOT-0001,,"VISIONARY ANALYTICS UAB---KEA EUROPEAN AFFAIRS","284 691,00",,,EUR
367914-2025,"06/06/2025 (UTC+02)","Serbia – Administration services – EU for Public Administration Reform - Complementary assistance to sector performance reform contract for public administration reform","European Union, represented by the European Commission on behalf of and for the account of Serbia",Restricted,,2024/461-180,,LOT-0001,,"PREDUZECE ZA REVIZIJU, RACUNOVODSTVENE, FINANSIJSKE I KONSALTING USLUGE PRICEWATERHOUSECOOPERS DOO BEOGRAD---GOPA WORLDWIDE CONSULTANTS GMBH---PricewaterhouseCoopers Consulting d.o.o. Beograd---PREDUZECE ZA INFORMACIONE TEHNOLOGIJE I ELEKTRONSKO TRGOVANJE BELIT DOO---GOPA PARTNERS IN ACTION FOR CHANGE AND ENGAGEMENT","2 923 720,00",,,EUR
368885-2025,"06/06/2025 (UTC+02)","Belgium, France, Germany – Financial markets administration services – Financial Market Data Sources and Trading Platforms","European Commission, DG BUDG - Budget, AMLA - Authority for Anti-Money Laundering and Countering the Financing of Terrorism, European Banking Authority, European Insurance and Occupational Pensions Authority, European Securities and Markets Authority, Single Resolution Board (SRB)","Negotiated without prior call for competition",,EC-BUDG/LUX/2025/NP/0004,,LOT-0001,,"REFINITIV SA",," "," ",
369175-2025,"10/06/2025 (UTC+02)","Belgium – Database services – Vessels information and movements","European Commission, OLAF - European Anti-Fraud Office",Open,,EC-OLAF/2024/OP/0004,,LOT-0001,,"S&P Global Limited",," "," ",
371164-2025,"10/06/2025 (UTC+02)","Cameroon, Belgium – Security services – Services de sécurité pour la Délégation de l’Union Européenne et la Direction générale de la protection civile et des opérations humanitaires européennes (ECHO) auprès de la République du Cameroun","European External Action Service (EEAS), Commission européenne, DG ECHO - European Civil Protection and Humanitarian Aid Operations (ECHO)","Negotiated with prior publication of a call for competition / competitive with negotiation",,"EEAS/DELCMRY/2024/CPN/0082-2025",,LOT-0001,,"ESSOKA SECURITY COMPANY LTD",," "," ",
371691-2025,"10/06/2025 (UTC+02)","Germany – Laundry-operation services – Betreuung des Wäschelagers des JRC KA","Europäische Kommission, Gemeinsame Forschungsstelle (JRC)",Open,,801000019,,LOT-0001,,"SAFETEC GMBH","600 000,00",,,EUR
375092-2025,"11/06/2025 (UTC+02)","Serbia – Surveillance and security systems and devices – Supply of equipment for border management","European Union, represented by the European Commission on behalf of and for the account of Serbia",Open,,2024/460-537,,LOT-0002,,"OPTIX AD","1 056 230,00",,,EUR
375376-2025,"11/06/2025 (UTC+02)","Italy – Gases – Fornitura gas di laboratorio + servizi per il JRC di Ispra e Petten","Commissione europea, Centro comune di ricerca (JRC)",Open,,CCR.468,,LOT-0001,,"AIR LIQUIDE ITALIA SERVICE SRL",," "," ",
376112-2025,"11/06/2025 (UTC+02)","Italy – Gases – Fornitura gas di laboratorio + servizi per il JRC di Ispra e Petten","Commissione europea, Centro comune di ricerca (JRC)",Open,,CCR.469,,LOT-0002,,"AIR LIQUIDE ITALIA SERVICE SRL",," "," ",
379485-2025,"12/06/2025 (UTC+02)","North Macedonia – Executive and legislative services – EU for modern administration","European Union, represented by the European Commission on behalf of and for the account of North Macedonia",Restricted,,,,LOT-0001,,"Not Awarded",," "," ",
379951-2025,"12/06/2025 (UTC+02)","Belgium – Market research services – Study on EU instruments","European Commission, DG CNECT - Communications Networks, Content and Technology",Open,,4500096583,,LOT-0001,,"TETRA TECH INTERNATIONAL DEVELOPMENT SPOLKA Z OGRANICZONA ODPOWIEDZIALNOSCIA","228 175,00",,,EUR
382113-2025,"13/06/2025 (UTC+02)","Belgium – Printers and plotters – DPS ITS Competition 13","European Commission, DG DIGIT - Digital Services","Other multiple stage procedure",,DI-08260,,LOT-0001,,"BECHTLE NV",," "," ",
382312-2025,"13/06/2025 (UTC+02)","Belgium – Museum-exhibition services – Europa Experience Floor Staff - Hungary","European Parliament, COMM - Directorate-General for Communication, EC - European Commission",Open,,"COMM/LO-HU_BUD/FWC/2025/1",,LOT-0001,,"PILLAR ALAPITVANY---Ara Agentur Kft.",," "," ",
385260-2025,"16/06/2025 (UTC+02)","Serbia – Surveillance and security systems and devices – Supply of fixed surveillance system for border surveillance and management","European Union, represented by the European Commission on behalf of and for the account of Serbia",Open,,2024/461-507,,LOT-0001,,"DAT - CON d.o.o.","1 259 667,20",,,EUR
387577-2025,"16/06/2025 (UTC+02)","Belgium – Environmental services – Support for the development of performance assessment of air quality sensor systems for gaseous pollutants and particulate pollutants in ambient air","European Commission, DG ENV - Environment",Open,,"090202/2025/4500098529/SER/ENV.C3",,LOT-0001,,"ISTITUTO SUPERIORE PER LA PROTEZIONE E LA RICERCA AMBIENTALE---NosmoTech Limited---VLAAMSE INSTELLING VOOR TECHNOLOGISCH ONDERZOEK N.V.---NPL MANAGEMENT LIMITED---RICARDO-AEA LTD---INSTITUT NATIONAL DE L ENVIRONNEMENT INDUSTRIEL ET DES RISQUES - INERIS","898 183,57",,,EUR
391735-2025,"17/06/2025 (UTC+02)","Spain – Health and safety services – Prestación de servicios de Coordinación de Seguridad y Salud para la construcción de un edificio para el JRC en Sevilla","Comisión Europea, DG JRC - Centro Común de Investigación",Open,,801002375,,LOT-0001,,"OCA INSPECCIÓN, CONTROL Y PREVENCIÓN, S.A.","179 481,90",,,EUR
393190-2025,"18/06/2025 (UTC+02)","Belgium – IT services: consulting, software development, Internet and support – Competition PROSERV-0004-DIGIT C2 Expert in Document Collaboration Systems","European Commission, DG DIGIT - Digital Services","Other multiple stage procedure",,T144290,,LOT-0001,,"PWC EU SERVICES ~ PRICEWATERHOUSECOOPERS EU SERVICES","874 500,00",,,EUR
394996-2025,"18/06/2025 (UTC+02)","Belgium – IT services: consulting, software development, Internet and support – Versatile IaaS & PaaS Cloud Services with focus on Windows and Machine-Learning based workloads","European Commission, DG DIGIT - Digital Services","Other multiple stage procedure",,T120582,,LOT-0001,,"MICROSOFT IRELAND OPERATIONSLIMITED","400 000 000,00",,,EUR
395856-2025,"19/06/2025 (UTC+02)","Belgium – Exhibition, fair and congress organisation services – Technical and logistical support to the activities in policy areas related to security, migration and borders and related actions","European Commission, DG HOME - Migration and Home Affairs",Open,,HOME-2023-OP-0008,,LOT-0001,,"CONCEPTION, ETUDES ET COOPERATION DE FORMATION",," "," ",
395897-2025,"19/06/2025 (UTC+02)","Belgium – IT services: consulting, software development, Internet and support – Competition PROSERV 0005-DIGIT C2 Project/Service manager in the field of collaboration and productivity","European Commission, DG DIGIT - Digital Services","Other multiple stage procedure",,T142731,,LOT-0001,,"CRONOS EUROPA","1 045 000,00",,,EUR
406169-2025,"25/06/2025 (UTC+02)","Luxembourg – Safety training services – Services de formations théoriques et pratiques et ateliers de sensibilisation dans le domaine de la prévention des risques incendie pour le personnel des institutions sises à Luxembourg et Bruxelles","Commission européenne, OIL - Office Infrastructures et Logistique à Luxembourg, European Public Prosecutor’s Office, European Schools, EURSC.EEL.1 - European School, Luxembourg I (Kirchberg), ESM - European Stability Mechanism",Open,,EC-OIL/2025/OP/0001,,LOT-0003,,"CENTRE EUROPEEN POUR LA SECURITE CEPS ASBL",," "," ",
407379-2025,"25/06/2025 (UTC+02)","Luxembourg – Safety training services – Services de formations théoriques et pratiques et ateliers de sensibilisation dans le domaine de la prévention des risques incendie pour le personnel des institutions sises à Luxembourg et Bruxelles","Commission européenne, OIL - Office Infrastructures et Logistique à Luxembourg, European Public Prosecutor’s Office, European Schools, EURSC.EEL.1 - European School, Luxembourg I (Kirchberg), ESM - European Stability Mechanism",Open,,,,LOT-0001,,"Not Awarded",," "," ",
407411-2025,"25/06/2025 (UTC+02)","Belgium – Child daycare services – Services d'accueil pédagogique post-scolaire dans les locaux mis à disposition par la Commission européenne en Région de Bruxelles-Capitale","Commission européenne, OIB - Office for Infrastructure and Logistics in Brussels",Open,,"EC-OIB/2024/OP/0087/C0/L0",,LOT-0001,,"Crèche Européenne Srl",," "," ",
408090-2025,"25/06/2025 (UTC+02)","Belgium – Child daycare services – Réservation et occupation de places en crèches autorisées et/ou agréées à Bruxelles (existantes ou à créer)","Commission européenne, OIB - Office for Infrastructure and Logistics in Brussels",Open,,"EC-OIB/2024/OP/0085/C0/L3",,LOT-0003,,"Infano asbl",," "," ",
409142-2025,"25/06/2025 (UTC+02)","Luxembourg – Safety training services – Services de formations théoriques et pratiques et ateliers de sensibilisation dans le domaine de la prévention des risques incendie pour le personnel des institutions sises à Luxembourg et Bruxelles","Commission européenne, OIL - Office Infrastructures et Logistique à Luxembourg, European Public Prosecutor’s Office, European Schools, EURSC.EEL.1 - European School, Luxembourg I (Kirchberg), ESM - European Stability Mechanism",Open,,,,LOT-0002,,"Not Awarded",," "," ",
409286-2025,"25/06/2025 (UTC+02)","Luxembourg – Safety training services – Services de formations théoriques et pratiques et ateliers de sensibilisation dans le domaine de la prévention des risques incendie pour le personnel des institutions sises à Luxembourg et Bruxelles","Commission européenne, OIL - Office Infrastructures et Logistique à Luxembourg, European Public Prosecutor’s Office, European Schools, EURSC.EEL.1 - European School, Luxembourg I (Kirchberg), ESM - European Stability Mechanism",Open,,,,LOT-0004,,"Not Awarded",," "," ",
411373-2025,"26/06/2025 (UTC+02)","Denmark, Belgium – Information technology services – IT consultancy services in software development to support thematic data products to the EEA","European Environment Agency (EEA), European Commission, DG ENV - Environment",Open,,,,LOT-0001,,"Not Awarded",," "," ",
412259-2025,"26/06/2025 (UTC+02)","Ukraine – Public utilities – Better Services for Consumers in the Reformed Energy Markets - Phase II","European Commission, ENEST - Enlargement and Eastern Neighbourhood","Negotiated without prior call for competition",,"Service Contract NDICI-GEO-ENEST/2025/483-526",,LOT-0001,,"LDK CONSULTANTS SA","928 992,00",,,EUR
412728-2025,"26/06/2025 (UTC+02)","Netherlands – Sewage services – NL-Petten: Het uitvoeren van wegen en rioleringsdiensten op het GCO terrein in Petten","Europese Commissie, Directoraat-generaal GCO - Gemeenschappelijk Centrum voor Onderzoek",Open,,CCR.472,,LOT-0001,,"K_Dekker bouw & infra b.v.",," "," ",
413336-2025,"26/06/2025 (UTC+02)","Italy – Gases – Fornitura gas di laboratorio + servizi per il JRC di Ispra e Petten","Commissione europea, Centro comune di ricerca (JRC)",Open,,CCR.471,,LOT-0003,,"AIR LIQUIDE BV",," "," ",
414419-2025,"26/06/2025 (UTC+02)","Luxembourg – Statistical services – Processing of Family Budget Surveys conducted amongst EU staff working in Intra-EU duty stations","European Commission, DG ESTAT - Eurostat",Open,,2025.0135,,LOT-0001,,"VERIAN GROUP BELGIUM SA","697 500,00",,,EUR
419073-2025,"30/06/2025 (UTC+02)","France, Belgium – Security services – Services des agents de sécurité","Commission européenne, DG COMM - Communication, European External Action Service (EEAS)",Restricted,,"EC-COMM/PAR/2024/RP/0521 - Lot 1- CE & PE Paris",,LOT-0001,,"BYBLOS GROUP",," "," ",
420759-2025,"30/06/2025 (UTC+02)","France, Belgium – Security services – Services des agents de sécurité","Commission européenne, DG COMM - Communication, European External Action Service (EEAS)",Restricted,,"EC-COMM/PAR/2024/RP/0521 - Lot 2 - CE & PE Marseille",,LOT-0002,,"BYBLOS GROUP",," "," ",
421978-2025,"30/06/2025 (UTC+02)","Belgium – IT services: consulting, software development, Internet and support – Platform for Advanced Virtual Human Twin (VHT) Models","European Commission, DG CNECT - Communications Networks, Content and Technology",Open,"no, no, no",FW-00177179,"""Platform for Advanced Virtual Human Twin (VHT) Models.” - EC-CNECT/LUX/2024/OP/0014 - FW-00177179",LOT-0001,,"ERNST & YOUNG CONSULTING---EVIDEN BELGIUM",," "," ",
421978-2025,"30/06/2025 (UTC+02)","Belgium – IT services: consulting, software development, Internet and support – Platform for Advanced Virtual Human Twin (VHT) Models","European Commission, DG CNECT - Communications Networks, Content and Technology",Open,"no, no, no",FW-00177180,"""Platform for Advanced Virtual Human Twin (VHT) Models.” - EC-CNECT/LUX/2024/OP/0014 - FW-00177180",LOT-0001,,"SANO CENTRUM ZINDYWIDUALIZOWA NEJ MEDYCYNY OBLICZENIOWEJ MIEDZYNARODOWA FUNDACJA BADAWCZA---INSILICOTRIALS TECHNOLOGIES S.P.A.---NTT DATA BELGIQUE---ENGINEERING INTERNATIONAL BELGIUM SA---CINECA CONSORZIO INTERUNIVERSITARIO",," "," ",
421978-2025,"30/06/2025 (UTC+02)","Belgium – IT services: consulting, software development, Internet and support – Platform for Advanced Virtual Human Twin (VHT) Models","European Commission, DG CNECT - Communications Networks, Content and Technology",Open,"no, no, no",FW-00177178,"""Platform for Advanced Virtual Human Twin (VHT) Models.” - EC-CNECT/LUX/2024/OP/0014 - FW-00177178",LOT-0001,,"THE BOSTON CONSULTING GROUP---T-SYSTEMS INTERNATIONAL GMBH",," "," ",
432217-2025,"03/07/2025 (UTC+02)","Luxembourg – Nuclear evaluation instruments – Portable Gamma ray imaging spectrometer","European Commission, DG ENER - Energy",Open,,,,LOT-0001,,"Not Awarded",," "," ",
439917-2025,"07/07/2025 (UTC+02)","Angola – Public relations services – Technical Assistance for EU Public Diplomacy and Strategic Communication in Angola","European Commission, INTPA - International Partnerships",Restricted,,"NDICI AFRICA/2025/483-950",,LOT-0001,,"FEDERAZIONE TRENTINA DELLA COOPERAZIONE SC---WEGLOBAL SRL---Archidata International S.r.l.---WEGLOBAL DANISMANLIK ANONIM SIRKETI---ADRIA CONGREX SRL","4 000 000,00",,,EUR
444672-2025,"09/07/2025 (UTC+02)","Philippines – Advertising consultancy services – INVITATION TO TENDER FOR AMENDMENT OF CONTRACT “Implementation of the Strategic Communications Plan of the Delegation of the EU to the Philippines- Identification number NDICI ASIA/2023/450-785","European Commission, INTPA - International Partnerships","Negotiated without prior call for competition",,"NDICI ASIA/2023/450-785 Addendum No. 1",,LOT-0001,,"PARTICIP GMBH","699 000,00",,,EUR
446618-2025,"09/07/2025 (UTC+02)","Japan – Public relations consultancy services – EU participation at Osaka World Expo. 2025","European Commission, FPI - Service for Foreign Policy Instruments","Negotiated without prior call for competition",,2025/484-359,,LOT-0001,,"GL EVENTS LIVE","1 550 000,00",,,EUR
448142-2025,"09/07/2025 (UTC+02)","Belgium – Health and social work services – Medical officer services for the European Union’s Joint Sickness Insurance Scheme (JSIS)","European Commission, PMO - Office for the Administration and Payment of Individual Entitlements",Open,,EC-PMO/IPR/2024/OP/0014,,LOT-0001,,"Chiara Bersani---Luca Costantino---Amedeo Tenore---Roeckl, Otto, Ludwig---MEDIVALIA SRL---BULGHERONI ANGELA MARIA---MEDITHEO---MEDICHASA SPRL---HENRY---Behets-Wydemans Philippe",," "," ",
450397-2025,"10/07/2025 (UTC+02)","Italy – Food, beverages, tobacco and related products – Fourniture de denrées alimentaires et de produits non alimentaires pour la cantine et le Clubhouse gérés par l’unité OIB.LS.3 auprès du Centre Commun de Recherche (JRC) sur le site de la Commission européenne à Ispra (Varese) Italie","Commission Européenne",Open,,"EC-OIB/IPR/2024/OP/0012/C1/L1",,LOT-0001,,CONOR,," "," ",
450397-2025,"10/07/2025 (UTC+02)","Italy – Food, beverages, tobacco and related products – Fourniture de denrées alimentaires et de produits non alimentaires pour la cantine et le Clubhouse gérés par l’unité OIB.LS.3 auprès du Centre Commun de Recherche (JRC) sur le site de la Commission européenne à Ispra (Varese) Italie","Commission Européenne",Open,,"EC-OIB/IPR/2024/OP/0012/C1/L6",,LOT-0006,,"Centro Distibuzione Alimentare",," "," ",
450397-2025,"10/07/2025 (UTC+02)","Italy – Food, beverages, tobacco and related products – Fourniture de denrées alimentaires et de produits non alimentaires pour la cantine et le Clubhouse gérés par l’unité OIB.LS.3 auprès du Centre Commun de Recherche (JRC) sur le site de la Commission européenne à Ispra (Varese) Italie","Commission Européenne",Open,,"EC-OIB/IPR/2024/OP/0012/C2/L6",,LOT-0006,,GLOBALPESCA,," "," ",
450397-2025,"10/07/2025 (UTC+02)","Italy – Food, beverages, tobacco and related products – Fourniture de denrées alimentaires et de produits non alimentaires pour la cantine et le Clubhouse gérés par l’unité OIB.LS.3 auprès du Centre Commun de Recherche (JRC) sur le site de la Commission européenne à Ispra (Varese) Italie","Commission Européenne",Open,,"EC-OIB/IPR/2024/OP/0012/C1/L3",,LOT-0003,,GLOBALPESCA,," "," ",
450397-2025,"10/07/2025 (UTC+02)","Italy – Food, beverages, tobacco and related products – Fourniture de denrées alimentaires et de produits non alimentaires pour la cantine et le Clubhouse gérés par l’unité OIB.LS.3 auprès du Centre Commun de Recherche (JRC) sur le site de la Commission européenne à Ispra (Varese) Italie","Commission Européenne",Open,,"EC-OIB/IPR/2024/OP/0012/C2/L3",,LOT-0003,,"NORDEN di Cesare Ribolzi",," "," ",
450397-2025,"10/07/2025 (UTC+02)","Italy – Food, beverages, tobacco and related products – Fourniture de denrées alimentaires et de produits non alimentaires pour la cantine et le Clubhouse gérés par l’unité OIB.LS.3 auprès du Centre Commun de Recherche (JRC) sur le site de la Commission européenne à Ispra (Varese) Italie","Commission Européenne",Open,,"EC-OIB/IPR/2024/OP/0012/C2/L5",,LOT-0005,,"Centro Distibuzione Alimentare",," "," ",
450397-2025,"10/07/2025 (UTC+02)","Italy – Food, beverages, tobacco and related products – Fourniture de denrées alimentaires et de produits non alimentaires pour la cantine et le Clubhouse gérés par l’unité OIB.LS.3 auprès du Centre Commun de Recherche (JRC) sur le site de la Commission européenne à Ispra (Varese) Italie","Commission Européenne",Open,,"EC-OIB/IPR/2024/OP/0012/C1/L5",,LOT-0005,,GLOBALPESCA,," "," ",
450397-2025,"10/07/2025 (UTC+02)","Italy – Food, beverages, tobacco and related products – Fourniture de denrées alimentaires et de produits non alimentaires pour la cantine et le Clubhouse gérés par l’unité OIB.LS.3 auprès du Centre Commun de Recherche (JRC) sur le site de la Commission européenne à Ispra (Varese) Italie","Commission Européenne",Open,,"EC-OIB/IPR/2024/OP/0012/C2/L7",,LOT-0007,,"VERBANO CARTE",," "," ",
450397-2025,"10/07/2025 (UTC+02)","Italy – Food, beverages, tobacco and related products – Fourniture de denrées alimentaires et de produits non alimentaires pour la cantine et le Clubhouse gérés par l’unité OIB.LS.3 auprès du Centre Commun de Recherche (JRC) sur le site de la Commission européenne à Ispra (Varese) Italie","Commission Européenne",Open,,"EC-OIB/IPR/2024/OP/0012/C1/L7",,LOT-0007,,"BOLLACCHINO SrL",," "," ",
450728-2025,"10/07/2025 (UTC+02)","United States – Technical analysis or consultancy services – Transatlantic Rising Stars Project","European Commission, FPI - Service for Foreign Policy Instruments",Restricted,,"NDICI LA FPI/2025/484-886",,LOT-0001,,"STANTEC---FONDEN CREATIVE BUSINESS CUP","2 999 950,00",,,EUR
450971-2025,"10/07/2025 (UTC+02)","Belgium – Data-processing services – eGovernment Benchmark 2026","European Commission, DG CNECT - Communications Networks, Content and Technology",Open,,4500099830,,LOT-0001,,"CAPGEMINI NEDERLAND BV---IDC ITALIA SRL---SOGETI LUXEMBOURG SA","1 223 160,00",,,EUR
454164-2025,"11/07/2025 (UTC+02)","Spain – Research consultancy services – Data collection, validation & harmonisation for the EU Industrial R&D Investment Scoreboards 2025-2028","European Commission, DG JRC - Joint Research Centre",Open,,PJA.1983055,,LOT-0001,,"ALEPRO DATA ANALYSIS & CONSULTING SL",," "," ",
455199-2025,"11/07/2025 (UTC+02)","Netherlands – Taxi services – NL-Petten: Raamcontract voor taxidiensten - vervoer van personen - GCO Petten","Europese Commissie, Directoraat-generaal GCO - Gemeenschappelijk Centrum voor Onderzoek",Open,,CCR.473,,LOT-0001,,"ZORGVERVOERCENTRALE NEDERLAND BV",," "," ",
456587-2025,"14/07/2025 (UTC+02)","Belgium – Event services – Call for tenders JUST/2023/PR/FW/JUH2/0055-Framework service contract: Administrative and logistical support for the organisation of network meetings, comitology and expert meetings and other events, including related communication services","European Commission, DG JUST - Justice and Consumers",Open,,,,LOT-0001,,"Not Awarded",," "," ",
456783-2025,"14/07/2025 (UTC+02)","Germany – Repair and maintenance services of measuring apparatus – Instandhaltung von Strahlenmessinstrumenten im JRC Karlsruhe","Europäische Kommission, Gemeinsame Forschungsstelle (JRC)",Restricted,,"2005564-2025-07 KAR DE",,LOT-0001,,"PRESTEL MESSTECHNIK GMBH",," "," ",
457113-2025,"14/07/2025 (UTC+02)","Ethiopia – Procurement consultancy services – Technical Assistance to the African Road Safety Observatory","European Commission, INTPA - International Partnerships",Restricted,,"NDICI AFRICA 2024 / 462096",,LOT-0001,,"Swedish National Road Consulting AB (Sweroad)---Tilkon BV---IRD ENGINEERING - SOCIETA' A RESPONSABILITA' LIMITATA","4 084 000,00",,,EUR
457773-2025,"14/07/2025 (UTC+02)","Cameroon – Research and development services and related consultancy services – Assistance Technique d’appui la Division des Réformes Budgétaires et de la coordination des PTF dans le domaine de la GFP","Commission européenne, INTPA - International Partnerships","Negotiated without prior call for competition",,438662,,LOT-0001,,"AARC (MANAGEMENT CONSULTANTS) LTD","854 200,00",,,EUR
459189-2025,"14/07/2025 (UTC+02)","Belgium – Technical analysis or consultancy services – Support to the implementation of the EU-Canada Strategic Partnership on Raw Materials","European Commission, FPI - Service for Foreign Policy Instruments",Restricted,,"NDICI LA FPI/2025/484-469",,LOT-0001,,"NIRAS AS---GEOLOGIAN TUTKIMUSKESKUS","2 985 400,00",,,EUR
459802-2025,"15/07/2025 (UTC+02)","Belgium – Education and training services – Educational Training for the Childcare Services","OIB - European Commission","Negotiated without prior call for competition",,"CC EC-OIB/2025/NP/0001/C2/L0","CC EC-OIB/2025/NP/0001/C2/L0",LOT-0001,,Psychoéducation.be,," "," ",
459802-2025,"15/07/2025 (UTC+02)","Belgium – Education and training services – Educational Training for the Childcare Services","OIB - European Commission","Negotiated without prior call for competition",,"CC EC-OIB/2024/NP/0001/C1/L0","CC EC-OIB/2025/NP/0001/C1/L0",LOT-0001,,"AIM & Associés",," "," ",
459802-2025,"15/07/2025 (UTC+02)","Belgium – Education and training services – Educational Training for the Childcare Services","OIB - European Commission","Negotiated without prior call for competition",,"CC EC-OIB/2025/NP/0001/C3/L0","CC EC-OIB/2025/NP/0001/C3/L0",LOT-0001,,"Université de Paix ASBL",," "," ",
461263-2025,"15/07/2025 (UTC+02)","Belgium – Development consultancy services – European Fair Transition Observatory (EFTO)","European Commission, DG EMPL - Employment, Social Affairs and Inclusion",Open,,4500106905,,LOT-0001,,"PROGNOS AG---ICF SA","766 750,00",,,EUR
462341-2025,"15/07/2025 (UTC+02)","Spain – Construction work – OBRAS DE CONSTRUCCIÓN DEL NUEVO EDIFICIO DEL JRC EN SEVILLA","Comisión Europea, DG JRC - Centro Común de Investigación",Restricted,,801002604,,LOT-0001,,"UTE SAN JOSE-SEMI EDIFICIO JRC SEVILLA ~ UTE SAN JOSE-SEMI EDIFICIO JRC SEVILLA","40 236 967,81",,,EUR
465050-2025,"16/07/2025 (UTC+02)","Belgium, Luxembourg, France, Spain, Greece, Hungary, Slovakia, Portugal, Netherlands, Italy, Malta, Slovenia, Germany – Training services – Language training for the Institutions, Bodies and Agencies of the European Union","European Commission, DG HR - Human Resources and Security, Court of Justice of the European Union, EP - European Parliament, European Court of Auditors, European External Action Service (EEAS), OMBUDSMAN - European Ombudsman, The General Secretariat of the Council of the European Union, Agence Exécutive du Conseil Européen de la Recherche, European Education and Culture Executive Agency (EACEA), European Innovation Council and SMEs Executive Agency (EISMEA), European Research Executive Agency (REA), Health and Digital Executive Agency (HaDEA), AMLA - Authority for Anti-Money Laundering and Countering the Financing of Terrorism, Chips Joint Undertaking, Circular Bio-based Europe Joint Undertaking, Europe's Rail Joint Undertaking, European Agency for Safety and Health at Work (EU-OSHA), European Banking Authority, European Centre for the Development of Vocational Training, European Defence Agency, European Fisheries Control Agency (EFCA), European High-Performance Computing Joint Undertaking, European Institute of Innovation and Technology, European Labour Authority (ELA), European Maritime Safety Agency, European Medicines Agency, European Public Prosecutor’s Office, European Securities and Markets Authority, European Training Foundation (ETF), European Union Agency for Asylum, European Union Agency for Law Enforcement Cooperation, European Union Agency for the Cooperation of Energy Regulators, European Union Aviation Safety Agency, European Union Drugs Agency, F4E - Fusion for Energy Joint Undertaking, Innovative Health Initiative Joint Undertaking (IHI JU), SESAR3 Joint Undertaking, SNS JU - Smart Networks and Services Joint Undertaking, Single Resolution Board (SRB), Translation Centre for the Bodies of the European Union, Committee of the Regions of the European Union, European Economic and Social Committee, ESM - European Stability Mechanism",Open,"no, no, no, no",,,LOT-0001,,"Not Awarded",," "," ",
465050-2025,"16/07/2025 (UTC+02)","Belgium, Luxembourg, France, Spain, Greece, Hungary, Slovakia, Portugal, Netherlands, Italy, Malta, Slovenia, Germany – Training services – Language training for the Institutions, Bodies and Agencies of the European Union","European Commission, DG HR - Human Resources and Security, Court of Justice of the European Union, EP - European Parliament, European Court of Auditors, European External Action Service (EEAS), OMBUDSMAN - European Ombudsman, The General Secretariat of the Council of the European Union, Agence Exécutive du Conseil Européen de la Recherche, European Education and Culture Executive Agency (EACEA), European Innovation Council and SMEs Executive Agency (EISMEA), European Research Executive Agency (REA), Health and Digital Executive Agency (HaDEA), AMLA - Authority for Anti-Money Laundering and Countering the Financing of Terrorism, Chips Joint Undertaking, Circular Bio-based Europe Joint Undertaking, Europe's Rail Joint Undertaking, European Agency for Safety and Health at Work (EU-OSHA), European Banking Authority, European Centre for the Development of Vocational Training, European Defence Agency, European Fisheries Control Agency (EFCA), European High-Performance Computing Joint Undertaking, European Institute of Innovation and Technology, European Labour Authority (ELA), European Maritime Safety Agency, European Medicines Agency, European Public Prosecutor’s Office, European Securities and Markets Authority, European Training Foundation (ETF), European Union Agency for Asylum, European Union Agency for Law Enforcement Cooperation, European Union Agency for the Cooperation of Energy Regulators, European Union Aviation Safety Agency, European Union Drugs Agency, F4E - Fusion for Energy Joint Undertaking, Innovative Health Initiative Joint Undertaking (IHI JU), SESAR3 Joint Undertaking, SNS JU - Smart Networks and Services Joint Undertaking, Single Resolution Board (SRB), Translation Centre for the Bodies of the European Union, Committee of the Regions of the European Union, European Economic and Social Committee, ESM - European Stability Mechanism",Open,"no, no, no, no",,,LOT-0002,,"Not Awarded",," "," ",
465050-2025,"16/07/2025 (UTC+02)","Belgium, Luxembourg, France, Spain, Greece, Hungary, Slovakia, Portugal, Netherlands, Italy, Malta, Slovenia, Germany – Training services – Language training for the Institutions, Bodies and Agencies of the European Union","European Commission, DG HR - Human Resources and Security, Court of Justice of the European Union, EP - European Parliament, European Court of Auditors, European External Action Service (EEAS), OMBUDSMAN - European Ombudsman, The General Secretariat of the Council of the European Union, Agence Exécutive du Conseil Européen de la Recherche, European Education and Culture Executive Agency (EACEA), European Innovation Council and SMEs Executive Agency (EISMEA), European Research Executive Agency (REA), Health and Digital Executive Agency (HaDEA), AMLA - Authority for Anti-Money Laundering and Countering the Financing of Terrorism, Chips Joint Undertaking, Circular Bio-based Europe Joint Undertaking, Europe's Rail Joint Undertaking, European Agency for Safety and Health at Work (EU-OSHA), European Banking Authority, European Centre for the Development of Vocational Training, European Defence Agency, European Fisheries Control Agency (EFCA), European High-Performance Computing Joint Undertaking, European Institute of Innovation and Technology, European Labour Authority (ELA), European Maritime Safety Agency, European Medicines Agency, European Public Prosecutor’s Office, European Securities and Markets Authority, European Training Foundation (ETF), European Union Agency for Asylum, European Union Agency for Law Enforcement Cooperation, European Union Agency for the Cooperation of Energy Regulators, European Union Aviation Safety Agency, European Union Drugs Agency, F4E - Fusion for Energy Joint Undertaking, Innovative Health Initiative Joint Undertaking (IHI JU), SESAR3 Joint Undertaking, SNS JU - Smart Networks and Services Joint Undertaking, Single Resolution Board (SRB), Translation Centre for the Bodies of the European Union, Committee of the Regions of the European Union, European Economic and Social Committee, ESM - European Stability Mechanism",Open,"no, no, no, no",,,LOT-0003,,"Not Awarded",," "," ",
465050-2025,"16/07/2025 (UTC+02)","Belgium, Luxembourg, France, Spain, Greece, Hungary, Slovakia, Portugal, Netherlands, Italy, Malta, Slovenia, Germany – Training services – Language training for the Institutions, Bodies and Agencies of the European Union","European Commission, DG HR - Human Resources and Security, Court of Justice of the European Union, EP - European Parliament, European Court of Auditors, European External Action Service (EEAS), OMBUDSMAN - European Ombudsman, The General Secretariat of the Council of the European Union, Agence Exécutive du Conseil Européen de la Recherche, European Education and Culture Executive Agency (EACEA), European Innovation Council and SMEs Executive Agency (EISMEA), European Research Executive Agency (REA), Health and Digital Executive Agency (HaDEA), AMLA - Authority for Anti-Money Laundering and Countering the Financing of Terrorism, Chips Joint Undertaking, Circular Bio-based Europe Joint Undertaking, Europe's Rail Joint Undertaking, European Agency for Safety and Health at Work (EU-OSHA), European Banking Authority, European Centre for the Development of Vocational Training, European Defence Agency, European Fisheries Control Agency (EFCA), European High-Performance Computing Joint Undertaking, European Institute of Innovation and Technology, European Labour Authority (ELA), European Maritime Safety Agency, European Medicines Agency, European Public Prosecutor’s Office, European Securities and Markets Authority, European Training Foundation (ETF), European Union Agency for Asylum, European Union Agency for Law Enforcement Cooperation, European Union Agency for the Cooperation of Energy Regulators, European Union Aviation Safety Agency, European Union Drugs Agency, F4E - Fusion for Energy Joint Undertaking, Innovative Health Initiative Joint Undertaking (IHI JU), SESAR3 Joint Undertaking, SNS JU - Smart Networks and Services Joint Undertaking, Single Resolution Board (SRB), Translation Centre for the Bodies of the European Union, Committee of the Regions of the European Union, European Economic and Social Committee, ESM - European Stability Mechanism",Open,"no, no, no, no",,,LOT-0004,,"Not Awarded",," "," ",
465050-2025,"16/07/2025 (UTC+02)","Belgium, Luxembourg, France, Spain, Greece, Hungary, Slovakia, Portugal, Netherlands, Italy, Malta, Slovenia, Germany – Training services – Language training for the Institutions, Bodies and Agencies of the European Union","European Commission, DG HR - Human Resources and Security, Court of Justice of the European Union, EP - European Parliament, European Court of Auditors, European External Action Service (EEAS), OMBUDSMAN - European Ombudsman, The General Secretariat of the Council of the European Union, Agence Exécutive du Conseil Européen de la Recherche, European Education and Culture Executive Agency (EACEA), European Innovation Council and SMEs Executive Agency (EISMEA), European Research Executive Agency (REA), Health and Digital Executive Agency (HaDEA), AMLA - Authority for Anti-Money Laundering and Countering the Financing of Terrorism, Chips Joint Undertaking, Circular Bio-based Europe Joint Undertaking, Europe's Rail Joint Undertaking, European Agency for Safety and Health at Work (EU-OSHA), European Banking Authority, European Centre for the Development of Vocational Training, European Defence Agency, European Fisheries Control Agency (EFCA), European High-Performance Computing Joint Undertaking, European Institute of Innovation and Technology, European Labour Authority (ELA), European Maritime Safety Agency, European Medicines Agency, European Public Prosecutor’s Office, European Securities and Markets Authority, European Training Foundation (ETF), European Union Agency for Asylum, European Union Agency for Law Enforcement Cooperation, European Union Agency for the Cooperation of Energy Regulators, European Union Aviation Safety Agency, European Union Drugs Agency, F4E - Fusion for Energy Joint Undertaking, Innovative Health Initiative Joint Undertaking (IHI JU), SESAR3 Joint Undertaking, SNS JU - Smart Networks and Services Joint Undertaking, Single Resolution Board (SRB), Translation Centre for the Bodies of the European Union, Committee of the Regions of the European Union, European Economic and Social Committee, ESM - European Stability Mechanism",Open,"no, no, no, no",,,LOT-0005,,"Not Awarded",," "," ",
465050-2025,"16/07/2025 (UTC+02)","Belgium, Luxembourg, France, Spain, Greece, Hungary, Slovakia, Portugal, Netherlands, Italy, Malta, Slovenia, Germany – Training services – Language training for the Institutions, Bodies and Agencies of the European Union","European Commission, DG HR - Human Resources and Security, Court of Justice of the European Union, EP - European Parliament, European Court of Auditors, European External Action Service (EEAS), OMBUDSMAN - European Ombudsman, The General Secretariat of the Council of the European Union, Agence Exécutive du Conseil Européen de la Recherche, European Education and Culture Executive Agency (EACEA), European Innovation Council and SMEs Executive Agency (EISMEA), European Research Executive Agency (REA), Health and Digital Executive Agency (HaDEA), AMLA - Authority for Anti-Money Laundering and Countering the Financing of Terrorism, Chips Joint Undertaking, Circular Bio-based Europe Joint Undertaking, Europe's Rail Joint Undertaking, European Agency for Safety and Health at Work (EU-OSHA), European Banking Authority, European Centre for the Development of Vocational Training, European Defence Agency, European Fisheries Control Agency (EFCA), European High-Performance Computing Joint Undertaking, European Institute of Innovation and Technology, European Labour Authority (ELA), European Maritime Safety Agency, European Medicines Agency, European Public Prosecutor’s Office, European Securities and Markets Authority, European Training Foundation (ETF), European Union Agency for Asylum, European Union Agency for Law Enforcement Cooperation, European Union Agency for the Cooperation of Energy Regulators, European Union Aviation Safety Agency, European Union Drugs Agency, F4E - Fusion for Energy Joint Undertaking, Innovative Health Initiative Joint Undertaking (IHI JU), SESAR3 Joint Undertaking, SNS JU - Smart Networks and Services Joint Undertaking, Single Resolution Board (SRB), Translation Centre for the Bodies of the European Union, Committee of the Regions of the European Union, European Economic and Social Committee, ESM - European Stability Mechanism",Open,"no, no, no, no","EC-HR/2024/OP/0111-Lot 6","Contract Lot 6",LOT-0006,,"CLL Centres de Langues---ALLINGUA ASBL","5,59",,,EUR
465050-2025,"16/07/2025 (UTC+02)","Belgium, Luxembourg, France, Spain, Greece, Hungary, Slovakia, Portugal, Netherlands, Italy, Malta, Slovenia, Germany – Training services – Language training for the Institutions, Bodies and Agencies of the European Union","European Commission, DG HR - Human Resources and Security, Court of Justice of the European Union, EP - European Parliament, European Court of Auditors, European External Action Service (EEAS), OMBUDSMAN - European Ombudsman, The General Secretariat of the Council of the European Union, Agence Exécutive du Conseil Européen de la Recherche, European Education and Culture Executive Agency (EACEA), European Innovation Council and SMEs Executive Agency (EISMEA), European Research Executive Agency (REA), Health and Digital Executive Agency (HaDEA), AMLA - Authority for Anti-Money Laundering and Countering the Financing of Terrorism, Chips Joint Undertaking, Circular Bio-based Europe Joint Undertaking, Europe's Rail Joint Undertaking, European Agency for Safety and Health at Work (EU-OSHA), European Banking Authority, European Centre for the Development of Vocational Training, European Defence Agency, European Fisheries Control Agency (EFCA), European High-Performance Computing Joint Undertaking, European Institute of Innovation and Technology, European Labour Authority (ELA), European Maritime Safety Agency, European Medicines Agency, European Public Prosecutor’s Office, European Securities and Markets Authority, European Training Foundation (ETF), European Union Agency for Asylum, European Union Agency for Law Enforcement Cooperation, European Union Agency for the Cooperation of Energy Regulators, European Union Aviation Safety Agency, European Union Drugs Agency, F4E - Fusion for Energy Joint Undertaking, Innovative Health Initiative Joint Undertaking (IHI JU), SESAR3 Joint Undertaking, SNS JU - Smart Networks and Services Joint Undertaking, Single Resolution Board (SRB), Translation Centre for the Bodies of the European Union, Committee of the Regions of the European Union, European Economic and Social Committee, ESM - European Stability Mechanism",Open,"no, no, no, no","EC-HR/2024/OP/0111-Lot 6","Contract Lot 6",LOT-0006,,"BERLITZ LANGUAGE AND BUSINESS TRAINING SARL---Berlitz Schools of Languages B.V.---Berlitz Language Services Scandinavia NUF---ESCUELAS DE IDIOMAS BERLITZ DE ESPAÑA SA---BERLITZ LANGUAGE CENTERS S.R.L.---Berlitz Language Services Scandinavia A S Filial I Finland---Berlitz International Sweden AB---Berlitz Language Services Scandinavia A/S","4,95",,,EUR
465050-2025,"16/07/2025 (UTC+02)","Belgium, Luxembourg, France, Spain, Greece, Hungary, Slovakia, Portugal, Netherlands, Italy, Malta, Slovenia, Germany – Training services – Language training for the Institutions, Bodies and Agencies of the European Union","European Commission, DG HR - Human Resources and Security, Court of Justice of the European Union, EP - European Parliament, European Court of Auditors, European External Action Service (EEAS), OMBUDSMAN - European Ombudsman, The General Secretariat of the Council of the European Union, Agence Exécutive du Conseil Européen de la Recherche, European Education and Culture Executive Agency (EACEA), European Innovation Council and SMEs Executive Agency (EISMEA), European Research Executive Agency (REA), Health and Digital Executive Agency (HaDEA), AMLA - Authority for Anti-Money Laundering and Countering the Financing of Terrorism, Chips Joint Undertaking, Circular Bio-based Europe Joint Undertaking, Europe's Rail Joint Undertaking, European Agency for Safety and Health at Work (EU-OSHA), European Banking Authority, European Centre for the Development of Vocational Training, European Defence Agency, European Fisheries Control Agency (EFCA), European High-Performance Computing Joint Undertaking, European Institute of Innovation and Technology, European Labour Authority (ELA), European Maritime Safety Agency, European Medicines Agency, European Public Prosecutor’s Office, European Securities and Markets Authority, European Training Foundation (ETF), European Union Agency for Asylum, European Union Agency for Law Enforcement Cooperation, European Union Agency for the Cooperation of Energy Regulators, European Union Aviation Safety Agency, European Union Drugs Agency, F4E - Fusion for Energy Joint Undertaking, Innovative Health Initiative Joint Undertaking (IHI JU), SESAR3 Joint Undertaking, SNS JU - Smart Networks and Services Joint Undertaking, Single Resolution Board (SRB), Translation Centre for the Bodies of the European Union, Committee of the Regions of the European Union, European Economic and Social Committee, ESM - European Stability Mechanism",Open,"no, no, no, no",,,LOT-0007,,"Not Awarded",," "," ",
465050-2025,"16/07/2025 (UTC+02)","Belgium, Luxembourg, France, Spain, Greece, Hungary, Slovakia, Portugal, Netherlands, Italy, Malta, Slovenia, Germany – Training services – Language training for the Institutions, Bodies and Agencies of the European Union","European Commission, DG HR - Human Resources and Security, Court of Justice of the European Union, EP - European Parliament, European Court of Auditors, European External Action Service (EEAS), OMBUDSMAN - European Ombudsman, The General Secretariat of the Council of the European Union, Agence Exécutive du Conseil Européen de la Recherche, European Education and Culture Executive Agency (EACEA), European Innovation Council and SMEs Executive Agency (EISMEA), European Research Executive Agency (REA), Health and Digital Executive Agency (HaDEA), AMLA - Authority for Anti-Money Laundering and Countering the Financing of Terrorism, Chips Joint Undertaking, Circular Bio-based Europe Joint Undertaking, Europe's Rail Joint Undertaking, European Agency for Safety and Health at Work (EU-OSHA), European Banking Authority, European Centre for the Development of Vocational Training, European Defence Agency, European Fisheries Control Agency (EFCA), European High-Performance Computing Joint Undertaking, European Institute of Innovation and Technology, European Labour Authority (ELA), European Maritime Safety Agency, European Medicines Agency, European Public Prosecutor’s Office, European Securities and Markets Authority, European Training Foundation (ETF), European Union Agency for Asylum, European Union Agency for Law Enforcement Cooperation, European Union Agency for the Cooperation of Energy Regulators, European Union Aviation Safety Agency, European Union Drugs Agency, F4E - Fusion for Energy Joint Undertaking, Innovative Health Initiative Joint Undertaking (IHI JU), SESAR3 Joint Undertaking, SNS JU - Smart Networks and Services Joint Undertaking, Single Resolution Board (SRB), Translation Centre for the Bodies of the European Union, Committee of the Regions of the European Union, European Economic and Social Committee, ESM - European Stability Mechanism",Open,"no, no, no, no",,,LOT-0008,,"Not Awarded",," "," ",
465050-2025,"16/07/2025 (UTC+02)","Belgium, Luxembourg, France, Spain, Greece, Hungary, Slovakia, Portugal, Netherlands, Italy, Malta, Slovenia, Germany – Training services – Language training for the Institutions, Bodies and Agencies of the European Union","European Commission, DG HR - Human Resources and Security, Court of Justice of the European Union, EP - European Parliament, European Court of Auditors, European External Action Service (EEAS), OMBUDSMAN - European Ombudsman, The General Secretariat of the Council of the European Union, Agence Exécutive du Conseil Européen de la Recherche, European Education and Culture Executive Agency (EACEA), European Innovation Council and SMEs Executive Agency (EISMEA), European Research Executive Agency (REA), Health and Digital Executive Agency (HaDEA), AMLA - Authority for Anti-Money Laundering and Countering the Financing of Terrorism, Chips Joint Undertaking, Circular Bio-based Europe Joint Undertaking, Europe's Rail Joint Undertaking, European Agency for Safety and Health at Work (EU-OSHA), European Banking Authority, European Centre for the Development of Vocational Training, European Defence Agency, European Fisheries Control Agency (EFCA), European High-Performance Computing Joint Undertaking, European Institute of Innovation and Technology, European Labour Authority (ELA), European Maritime Safety Agency, European Medicines Agency, European Public Prosecutor’s Office, European Securities and Markets Authority, European Training Foundation (ETF), European Union Agency for Asylum, European Union Agency for Law Enforcement Cooperation, European Union Agency for the Cooperation of Energy Regulators, European Union Aviation Safety Agency, European Union Drugs Agency, F4E - Fusion for Energy Joint Undertaking, Innovative Health Initiative Joint Undertaking (IHI JU), SESAR3 Joint Undertaking, SNS JU - Smart Networks and Services Joint Undertaking, Single Resolution Board (SRB), Translation Centre for the Bodies of the European Union, Committee of the Regions of the European Union, European Economic and Social Committee, ESM - European Stability Mechanism",Open,"no, no, no, no","EC-HR/2024/OP/0111-Lot 9","Contract Lot 9",LOT-0009,,"BERLITZ LANGUAGE AND BUSINESS TRAINING SARL---Berlitz Schools of Languages B.V.---Berlitz Language Services Scandinavia NUF---ESCUELAS DE IDIOMAS BERLITZ DE ESPAÑA SA---BERLITZ LANGUAGE CENTERS S.R.L.---Berlitz Language Services Scandinavia A S Filial I Finland---Berlitz International Sweden AB---Berlitz Language Services Scandinavia A/S",," "," ",
465050-2025,"16/07/2025 (UTC+02)","Belgium, Luxembourg, France, Spain, Greece, Hungary, Slovakia, Portugal, Netherlands, Italy, Malta, Slovenia, Germany – Training services – Language training for the Institutions, Bodies and Agencies of the European Union","European Commission, DG HR - Human Resources and Security, Court of Justice of the European Union, EP - European Parliament, European Court of Auditors, European External Action Service (EEAS), OMBUDSMAN - European Ombudsman, The General Secretariat of the Council of the European Union, Agence Exécutive du Conseil Européen de la Recherche, European Education and Culture Executive Agency (EACEA), European Innovation Council and SMEs Executive Agency (EISMEA), European Research Executive Agency (REA), Health and Digital Executive Agency (HaDEA), AMLA - Authority for Anti-Money Laundering and Countering the Financing of Terrorism, Chips Joint Undertaking, Circular Bio-based Europe Joint Undertaking, Europe's Rail Joint Undertaking, European Agency for Safety and Health at Work (EU-OSHA), European Banking Authority, European Centre for the Development of Vocational Training, European Defence Agency, European Fisheries Control Agency (EFCA), European High-Performance Computing Joint Undertaking, European Institute of Innovation and Technology, European Labour Authority (ELA), European Maritime Safety Agency, European Medicines Agency, European Public Prosecutor’s Office, European Securities and Markets Authority, European Training Foundation (ETF), European Union Agency for Asylum, European Union Agency for Law Enforcement Cooperation, European Union Agency for the Cooperation of Energy Regulators, European Union Aviation Safety Agency, European Union Drugs Agency, F4E - Fusion for Energy Joint Undertaking, Innovative Health Initiative Joint Undertaking (IHI JU), SESAR3 Joint Undertaking, SNS JU - Smart Networks and Services Joint Undertaking, Single Resolution Board (SRB), Translation Centre for the Bodies of the European Union, Committee of the Regions of the European Union, European Economic and Social Committee, ESM - European Stability Mechanism",Open,"no, no, no, no","EC-HR/2024/OP/0111-Lot 10","Contract Lot 10",LOT-0010,,"BERLITZ LANGUAGE AND BUSINESS TRAINING SARL---Berlitz Schools of Languages B.V.---Berlitz Language Services Scandinavia NUF---ESCUELAS DE IDIOMAS BERLITZ DE ESPAÑA SA---BERLITZ LANGUAGE CENTERS S.R.L.---Berlitz Language Services Scandinavia A S Filial I Finland---Berlitz International Sweden AB---Berlitz Language Services Scandinavia A/S",," "," ",
465050-2025,"16/07/2025 (UTC+02)","Belgium, Luxembourg, France, Spain, Greece, Hungary, Slovakia, Portugal, Netherlands, Italy, Malta, Slovenia, Germany – Training services – Language training for the Institutions, Bodies and Agencies of the European Union","European Commission, DG HR - Human Resources and Security, Court of Justice of the European Union, EP - European Parliament, European Court of Auditors, European External Action Service (EEAS), OMBUDSMAN - European Ombudsman, The General Secretariat of the Council of the European Union, Agence Exécutive du Conseil Européen de la Recherche, European Education and Culture Executive Agency (EACEA), European Innovation Council and SMEs Executive Agency (EISMEA), European Research Executive Agency (REA), Health and Digital Executive Agency (HaDEA), AMLA - Authority for Anti-Money Laundering and Countering the Financing of Terrorism, Chips Joint Undertaking, Circular Bio-based Europe Joint Undertaking, Europe's Rail Joint Undertaking, European Agency for Safety and Health at Work (EU-OSHA), European Banking Authority, European Centre for the Development of Vocational Training, European Defence Agency, European Fisheries Control Agency (EFCA), European High-Performance Computing Joint Undertaking, European Institute of Innovation and Technology, European Labour Authority (ELA), European Maritime Safety Agency, European Medicines Agency, European Public Prosecutor’s Office, European Securities and Markets Authority, European Training Foundation (ETF), European Union Agency for Asylum, European Union Agency for Law Enforcement Cooperation, European Union Agency for the Cooperation of Energy Regulators, European Union Aviation Safety Agency, European Union Drugs Agency, F4E - Fusion for Energy Joint Undertaking, Innovative Health Initiative Joint Undertaking (IHI JU), SESAR3 Joint Undertaking, SNS JU - Smart Networks and Services Joint Undertaking, Single Resolution Board (SRB), Translation Centre for the Bodies of the European Union, Committee of the Regions of the European Union, European Economic and Social Committee, ESM - European Stability Mechanism",Open,"no, no, no, no","EC-HR/2024/OP/0111-Lot 10","Contract Lot 10",LOT-0010,,"Openfive SL",," "," ",
465050-2025,"16/07/2025 (UTC+02)","Belgium, Luxembourg, France, Spain, Greece, Hungary, Slovakia, Portugal, Netherlands, Italy, Malta, Slovenia, Germany – Training services – Language training for the Institutions, Bodies and Agencies of the European Union","European Commission, DG HR - Human Resources and Security, Court of Justice of the European Union, EP - European Parliament, European Court of Auditors, European External Action Service (EEAS), OMBUDSMAN - European Ombudsman, The General Secretariat of the Council of the European Union, Agence Exécutive du Conseil Européen de la Recherche, European Education and Culture Executive Agency (EACEA), European Innovation Council and SMEs Executive Agency (EISMEA), European Research Executive Agency (REA), Health and Digital Executive Agency (HaDEA), AMLA - Authority for Anti-Money Laundering and Countering the Financing of Terrorism, Chips Joint Undertaking, Circular Bio-based Europe Joint Undertaking, Europe's Rail Joint Undertaking, European Agency for Safety and Health at Work (EU-OSHA), European Banking Authority, European Centre for the Development of Vocational Training, European Defence Agency, European Fisheries Control Agency (EFCA), European High-Performance Computing Joint Undertaking, European Institute of Innovation and Technology, European Labour Authority (ELA), European Maritime Safety Agency, European Medicines Agency, European Public Prosecutor’s Office, European Securities and Markets Authority, European Training Foundation (ETF), European Union Agency for Asylum, European Union Agency for Law Enforcement Cooperation, European Union Agency for the Cooperation of Energy Regulators, European Union Aviation Safety Agency, European Union Drugs Agency, F4E - Fusion for Energy Joint Undertaking, Innovative Health Initiative Joint Undertaking (IHI JU), SESAR3 Joint Undertaking, SNS JU - Smart Networks and Services Joint Undertaking, Single Resolution Board (SRB), Translation Centre for the Bodies of the European Union, Committee of the Regions of the European Union, European Economic and Social Committee, ESM - European Stability Mechanism",Open,"no, no, no, no",,,LOT-0011,,"Not Awarded",," "," ",
465050-2025,"16/07/2025 (UTC+02)","Belgium, Luxembourg, France, Spain, Greece, Hungary, Slovakia, Portugal, Netherlands, Italy, Malta, Slovenia, Germany – Training services – Language training for the Institutions, Bodies and Agencies of the European Union","European Commission, DG HR - Human Resources and Security, Court of Justice of the European Union, EP - European Parliament, European Court of Auditors, European External Action Service (EEAS), OMBUDSMAN - European Ombudsman, The General Secretariat of the Council of the European Union, Agence Exécutive du Conseil Européen de la Recherche, European Education and Culture Executive Agency (EACEA), European Innovation Council and SMEs Executive Agency (EISMEA), European Research Executive Agency (REA), Health and Digital Executive Agency (HaDEA), AMLA - Authority for Anti-Money Laundering and Countering the Financing of Terrorism, Chips Joint Undertaking, Circular Bio-based Europe Joint Undertaking, Europe's Rail Joint Undertaking, European Agency for Safety and Health at Work (EU-OSHA), European Banking Authority, European Centre for the Development of Vocational Training, European Defence Agency, European Fisheries Control Agency (EFCA), European High-Performance Computing Joint Undertaking, European Institute of Innovation and Technology, European Labour Authority (ELA), European Maritime Safety Agency, European Medicines Agency, European Public Prosecutor’s Office, European Securities and Markets Authority, European Training Foundation (ETF), European Union Agency for Asylum, European Union Agency for Law Enforcement Cooperation, European Union Agency for the Cooperation of Energy Regulators, European Union Aviation Safety Agency, European Union Drugs Agency, F4E - Fusion for Energy Joint Undertaking, Innovative Health Initiative Joint Undertaking (IHI JU), SESAR3 Joint Undertaking, SNS JU - Smart Networks and Services Joint Undertaking, Single Resolution Board (SRB), Translation Centre for the Bodies of the European Union, Committee of the Regions of the European Union, European Economic and Social Committee, ESM - European Stability Mechanism",Open,"no, no, no, no","EC-HR/2024/OP/0111-Lot 12","Contract Lot 12",LOT-0012,,"BERLITZ LANGUAGE AND BUSINESS TRAINING SARL---Berlitz Schools of Languages B.V.---Berlitz Language Services Scandinavia NUF---ESCUELAS DE IDIOMAS BERLITZ DE ESPAÑA SA---BERLITZ LANGUAGE CENTERS S.R.L.---Berlitz Language Services Scandinavia A S Filial I Finland---Berlitz International Sweden AB---Berlitz Language Services Scandinavia A/S",," "," ",
465644-2025,"16/07/2025 (UTC+02)","Belgium – Supply services of personnel including temporary staff – Services de mise à disposition de personnel intérimaire pour les services de restauration et les structures d’accueil de l’enfance de la Commission européenne à Bruxelles et sa périphérie","Commission européenne",Open,,"EC-OIB/2025/OP/0006/C1/L1",,LOT-0001,,AIB,," "," ",
465644-2025,"16/07/2025 (UTC+02)","Belgium – Supply services of personnel including temporary staff – Services de mise à disposition de personnel intérimaire pour les services de restauration et les structures d’accueil de l’enfance de la Commission européenne à Bruxelles et sa périphérie","Commission européenne",Open,,"EC-OIB/2025/OP/0006/C2/L1",,LOT-0001,,"Start People",," "," ",
465644-2025,"16/07/2025 (UTC+02)","Belgium – Supply services of personnel including temporary staff – Services de mise à disposition de personnel intérimaire pour les services de restauration et les structures d’accueil de l’enfance de la Commission européenne à Bruxelles et sa périphérie","Commission européenne",Open,,"EC-OIB/2025/OP/0006/C3/L1",,LOT-0001,,ASAP.be,," "," ",
465644-2025,"16/07/2025 (UTC+02)","Belgium – Supply services of personnel including temporary staff – Services de mise à disposition de personnel intérimaire pour les services de restauration et les structures d’accueil de l’enfance de la Commission européenne à Bruxelles et sa périphérie","Commission européenne",Open,,"EC-OIB/2025/OP/0006/C1/L2",,LOT-0002,,AIB,," "," ",
465644-2025,"16/07/2025 (UTC+02)","Belgium – Supply services of personnel including temporary staff – Services de mise à disposition de personnel intérimaire pour les services de restauration et les structures d’accueil de l’enfance de la Commission européenne à Bruxelles et sa périphérie","Commission européenne",Open,,"EC-OIB/2025/OP/0006/C2/L2",,LOT-0002,,ASAP.be,," "," ",
465644-2025,"16/07/2025 (UTC+02)","Belgium – Supply services of personnel including temporary staff – Services de mise à disposition de personnel intérimaire pour les services de restauration et les structures d’accueil de l’enfance de la Commission européenne à Bruxelles et sa périphérie","Commission européenne",Open,,"EC-OIB/2025/OP/0006/C3/L2",,LOT-0002,,"Start People",," "," ",
466443-2025,"17/07/2025 (UTC+02)","Belgium – IT services: consulting, software development, Internet and support – DIGIT-TM II Lot 2 and 3 Ceiling increase","European Commission, DG DIGIT - Digital Services","Negotiated without prior call for competition",,"AMD 7953-06",,LOT-0001,,"TALAN Luxembourg sarl---Edda Luxembourg---Tremend Software Consulting S.R.L.---CGI Luxembourg SA---WAVESTONE---CGI BELGIUM NV",," "," ",
466443-2025,"17/07/2025 (UTC+02)","Belgium – IT services: consulting, software development, Internet and support – DIGIT-TM II Lot 2 and 3 Ceiling increase","European Commission, DG DIGIT - Digital Services","Negotiated without prior call for competition",,"AMD 7952-11",,LOT-0001,,"Sogeti Luxembourg S.A.---WESTPOLE Belgium NV---COSMOTE GLOBAL SOLUTIONS N.V.---Netcompany S.A.---Fujitsu Technology Solutions N.V.---Capgemini Belgium N.V.---Serco Belgium S.A---Computer Task Group IT Solutions S.A.---AlmavivA de Belgique S.A.---NTT DATA Belgique SRL",," "," ",
466443-2025,"17/07/2025 (UTC+02)","Belgium – IT services: consulting, software development, Internet and support – DIGIT-TM II Lot 2 and 3 Ceiling increase","European Commission, DG DIGIT - Digital Services","Negotiated without prior call for competition",,"AMD 7949-07",,LOT-0001,,"Cegeka Groep NV.---SWORD Technologies S.A---Cronos Europa Luxembourg S.A.---ARHS Developments S.A.",," "," ",
466443-2025,"17/07/2025 (UTC+02)","Belgium – IT services: consulting, software development, Internet and support – DIGIT-TM II Lot 2 and 3 Ceiling increase","European Commission, DG DIGIT - Digital Services","Negotiated without prior call for competition",,"AMD 7948-10",,LOT-0001,,"VASS EU Services SA---Engineering International Belgium S.A.---Sopra Steria Belgium---Unisys Belgium---Eviden Belgium NV---Network Research Belgium (NRB) S.A.---Unisystems Luxembourg S.a.r.l.",," "," ",
466443-2025,"17/07/2025 (UTC+02)","Belgium – IT services: consulting, software development, Internet and support – DIGIT-TM II Lot 2 and 3 Ceiling increase","European Commission, DG DIGIT - Digital Services","Negotiated without prior call for competition",,"AMD 7951-07",,LOT-0001,,"Twenty8---DAVIDSON CONSULTING---Amaris IS&D---TWENTY8 Luxembourg",," "," ",
466443-2025,"17/07/2025 (UTC+02)","Belgium – IT services: consulting, software development, Internet and support – DIGIT-TM II Lot 2 and 3 Ceiling increase","European Commission, DG DIGIT - Digital Services","Negotiated without prior call for competition",,"AMD 7950-07",,LOT-0001,,"SEIDOR SA---FINCONS S.P.A.---European Dynamics Advanced Information Technology and Telecommunications Systems SA---EUROPEAN DYNAMICS LUXEMBOURG SA",," "," ",
466443-2025,"17/07/2025 (UTC+02)","Belgium – IT services: consulting, software development, Internet and support – DIGIT-TM II Lot 2 and 3 Ceiling increase","European Commission, DG DIGIT - Digital Services","Negotiated without prior call for competition",,"AMD 7958-07",,LOT-0002,,"IBM (International Business Machines) Belgium BV/SRL---Thaleria SA---Cegeka Groep NV.---SWORD Technologies S.A---Cronos Europa Luxembourg S.A.---ARHS Developments S.A.",," "," ",
466443-2025,"17/07/2025 (UTC+02)","Belgium – IT services: consulting, software development, Internet and support – DIGIT-TM II Lot 2 and 3 Ceiling increase","European Commission, DG DIGIT - Digital Services","Negotiated without prior call for competition",,"AMD 7956-09",,LOT-0002,,"VASS EU Services SA---Engineering International Belgium S.A.---Sopra Steria Belgium---Unisys Belgium---Eviden Belgium NV---Network Research Belgium (NRB) S.A.---Unisystems Luxembourg S.a.r.l.",," "," ",
466443-2025,"17/07/2025 (UTC+02)","Belgium – IT services: consulting, software development, Internet and support – DIGIT-TM II Lot 2 and 3 Ceiling increase","European Commission, DG DIGIT - Digital Services","Negotiated without prior call for competition",,"AMD 7955-07",,LOT-0002,,"SEIDOR SA---FINCONS S.P.A.---European Dynamics Advanced Information Technology and Telecommunications Systems SA---EUROPEAN DYNAMICS LUXEMBOURG SA",," "," ",
466443-2025,"17/07/2025 (UTC+02)","Belgium – IT services: consulting, software development, Internet and support – DIGIT-TM II Lot 2 and 3 Ceiling increase","European Commission, DG DIGIT - Digital Services","Negotiated without prior call for competition",,"AMD 7962-09",,LOT-0002,,"Bechtle NV",," "," ",
466443-2025,"17/07/2025 (UTC+02)","Belgium – IT services: consulting, software development, Internet and support – DIGIT-TM II Lot 2 and 3 Ceiling increase","European Commission, DG DIGIT - Digital Services","Negotiated without prior call for competition",,"AMD 7961-08",,LOT-0002,,"Sogeti Luxembourg S.A.---WESTPOLE Belgium NV---COSMOTE GLOBAL SOLUTIONS N.V.---Netcompany S.A.---Fujitsu Technology Solutions N.V.---Capgemini Belgium N.V.---Serco Belgium S.A---Computer Task Group IT Solutions S.A.---AlmavivA de Belgique S.A.---NTT DATA Belgique SRL",," "," ",
466443-2025,"17/07/2025 (UTC+02)","Belgium – IT services: consulting, software development, Internet and support – DIGIT-TM II Lot 2 and 3 Ceiling increase","European Commission, DG DIGIT - Digital Services","Negotiated without prior call for competition",,"AMD 7960-08",,LOT-0002,,"BRAYTON GLOBAL SRL---Avanade Belgium SPRL/BVBA---MALT COMMUNITY---Accenture SA/NV",," "," ",
466443-2025,"17/07/2025 (UTC+02)","Belgium – IT services: consulting, software development, Internet and support – DIGIT-TM II Lot 2 and 3 Ceiling increase","European Commission, DG DIGIT - Digital Services","Negotiated without prior call for competition",,"AMD 7959-06",,LOT-0002,,"TALAN Luxembourg sarl---Edda Luxembourg---Tremend Software Consulting S.R.L.---CGI Luxembourg SA---WAVESTONE---CGI BELGIUM NV",," "," ",
470938-2025,"18/07/2025 (UTC+02)","Germany – Construction work – Neubau Flügel M am Standort des JRC Karlsruhe - Lieferung, Montage und Inbetriebnahme von Komponenten der Anlagensicherung (Gewerk AS)","Europäische Kommission, Gemeinsame Forschungsstelle (JRC)","Negotiated with prior publication of a call for competition / competitive with negotiation",,801002616,,LOT-0001,,"SEAR GmbH","6 119 761,86",,,EUR
471082-2025,"18/07/2025 (UTC+02)","Belgium – Legislative services – Study to support the evaluation and review of Audiovisual Media Services Directive","European Commission, DG CNECT - Communications Networks, Content and Technology",Open,,300129983,,LOT-0001,,"INTELLERA CONSULTING SPA---TECHNOPOLIS CONSULTING GROUP BELGIUM---Institut für Europäisches Medienrecht (E.M.R.) e.V.","595 775,00",,,EUR
471149-2025,"18/07/2025 (UTC+02)","Germany – Building installation work – Neubau Flügel M am Standort des JRC Karlsruhe Lieferung der Technischen Gebäudeausrüstung TGA Teil 1 – Gewerke Lüftungs-, Verfahrens- und Maschinentechnik","Europäische Kommission, Gemeinsame Forschungsstelle (JRC)","Negotiated with prior publication of a call for competition / competitive with negotiation",,801002618,,LOT-0001,,"KRANTZ GMBH","37 953 549,89",,,EUR
471375-2025,"18/07/2025 (UTC+02)","Germany – Electrical installation work of electrical distribution apparatus – Neubau Flügel M am Standort des JRC Karlsruhe Lieferung der Technischen Gebäudeausrüstung TGA Teil 2 – Gewerke Elektrotechnik, Leit- und Kommunikationstechnik, Strahlenschutzmesstechnik","Europäische Kommission, Gemeinsame Forschungsstelle (JRC)","Negotiated with prior publication of a call for competition / competitive with negotiation",,801002610,,LOT-0001,,"PPA ENERGO s.r.o.","28 530 592,10",,,EUR
482108-2025,"23/07/2025 (UTC+02)","Germany – Decommissioning services – Verschrottung und Entsorgung von kontaminierten Handschuhkästen im JRC Karlsruhe","Europäische Kommission, Gemeinsame Forschungsstelle (JRC)",Restricted,,"CCR.474-2025-06 KAR DE",,LOT-0001,,"Veltec Service GmbH",," "," ",
487845-2025,"25/07/2025 (UTC+02)","Belgium – Legal advisory and information services – Legal advice for the Welcome Offices of the European Commission (6 lots)","European Commission, DG HR - Human Resources and Security",Open,,EC-HR/2024/OP/0190,,LOT-0002,,"Silvio Battista---POMATI GIACOMO---Avv. Stefano Colombetti",," "," ",
488724-2025,"25/07/2025 (UTC+02)","Belgium – Business services: law, marketing, consulting, recruitment, printing and security – EXTERNAL ASSISTANCE SERVICES IN RELATION TO THE IMPLEMENTATION OF CERTAIN ASPECTS OF THE EUROPEAN COMMISSION’S MIDDLE MANAGEMENT POLICIES","European Commission, DG HR - Human Resources and Security",Open,,EC-HR/2024/OP/0316,,LOT-0001,,"Organisation Development & Research Limited",," "," ",
488795-2025,"25/07/2025 (UTC+02)","Germany – Software-related services – Supply, use and maintenance of Nuclear Material Accountancy Software according to Commission Regulation (Euratom) 302/2005 for the JRC Karlsruhe, JRC Geel and JRC Ispra","European Commission, DG JRC - Joint Research Centre","Negotiated without prior call for competition",,"300125968-2025-08 KAR DE",,LOT-0001,,"STUDIECENTRUM VOOR KERNENERGIE ~ CENTRE D'ETUDE DE L'ENERGIE NUCLEAIRE","940 168,00",,,EUR
492200-2025,"28/07/2025 (UTC+02)","Germany – Repair and maintenance services of measuring apparatus – Instandhaltung von Strahlenmessinstrumenten im JRC Karlsruhe","Europäische Kommission, Gemeinsame Forschungsstelle (JRC)",Restricted,,"CCR.476-2025-07 KAR DE",,LOT-0001,,"PRESTEL MESSTECHNIK GMBH",," "," ",
492235-2025,"28/07/2025 (UTC+02)","Germany – Architectural, construction, engineering and inspection services – Objektüberwachungs- und Planungsleistungen Flügel M","Europäische Kommission, Gemeinsame Forschungsstelle (JRC)",Restricted,,801003255,,LOT-0001,,"REINSTEIN GMBH","2 711 421,00",,,EUR
492344-2025,"28/07/2025 (UTC+02)","Germany – Structural steelworks – Stahlbauarbeiten beim Neubau Flügel M im JRC Karlsruhe","Europäische Kommission, Gemeinsame Forschungsstelle (JRC)",Open,,801003190,,LOT-0001,,"Metallbau Garnatz GmbH","97 099,00",,,EUR
495051-2025,"29/07/2025 (UTC+02)","Kenya – Research and development services and related consultancy services – Strategic Stabilisation Support in Somalia","European Commission, FPI - Service for Foreign Policy Instruments","Negotiated without prior call for competition",,"NDICI CRISIS FPI/2025/483-219",,LOT-0001,,"GIST Research Ltd","249 992,00",,,EUR
495424-2025,"29/07/2025 (UTC+02)","Belgium – Network management software services – EC-BUDG/2025/NP/0009- SAP SERVICE AGREEMENT","European Commission","Negotiated without prior call for competition",,"EC-BUDG/2025/NP/0009 – SAP Framework Agreement",,LOT-0001,,"SAP Belgium – Systems Applications and Products S.A./N.V.",," "," ",
496518-2025,"29/07/2025 (UTC+02)","Uganda – Research and development services and related consultancy services – Political economy analysis of Uganda - DRC border","European Commission, INTPA - International Partnerships","Negotiated without prior call for competition",,NDICIAFRICA/2025/485479,,LOT-0001,,"GIST RESEARCH LIMITED","179 631,25",,,EUR
498671-2025,"30/07/2025 (UTC+02)","Belgium, France – Television broadcast transmission services – Tracking the use and dissemination of the audiovisual productions of the European institutions on television and social media","European Parliament, COMM - Directorate-General for Communication, European Commission, DG COMM - Communication",Open,,"COMM/ME-DIR_A/FWC/2025/13",,LOT-0001,,"Teletrax TV Data UK Limited",," "," ",
501137-2025,"31/07/2025 (UTC+02)","Belgium – Repair and maintenance services of building installations – Service de maintenance des installations de télégestion des immeubles occupés et/ou gérés par la Commission européenne localisés dans la Région de Bruxelles-Capitale et environs","Commission européenne, OIB - Office for Infrastructure and Logistics in Brussels","Negotiated without prior call for competition",,25PN0039L3,,LOT-0003,,SIEMENS,," "," ",
501294-2025,"31/07/2025 (UTC+02)","Belgium – Repair and maintenance services of building installations – Service de maintenance des installations de télégestion des immeubles occupés et/ou gérés par la Commission européenne localisés dans la Région de Bruxelles-Capitale et environs","Commission européenne, OIB - Office for Infrastructure and Logistics in Brussels","Negotiated without prior call for competition",,25PN0039L4,,LOT-0004,,"Sauter Controls",," "," ",
501651-2025,"31/07/2025 (UTC+02)","Belgium – Technical testing, analysis and consultancy services – Standardisation of jet fire, pool fire and clogging tests for dry chemical powder used in fixed fire-extinguishing systems","European Commission, DG MOVE - Mobility and Transport",Open,,"EC-MOVE/2025/OP/0001 - Standardisation of jet fire",,LOT-0001,,"DANSK BRAND- OG SIKRINGSTEKNISK INSTITUT FORENING","242 687,50",,,EUR
502228-2025,"31/07/2025 (UTC+02)","Belgium – Repair and maintenance services of building installations – Service de maintenance des installations de télégestion des immeubles occupés et/ou gérés par la Commission européenne localisés dans la Région de Bruxelles-Capitale et environs","Commission européenne, OIB - Office for Infrastructure and Logistics in Brussels","Negotiated without prior call for competition",,25PN0039L2,,LOT-0002,,"Johnson Controls BV",," "," ",
503165-2025,"31/07/2025 (UTC+02)","Belgium – IT services: consulting, software development, Internet and support – FREIA","European Commission, Directorate-General for Digital Services, See the list of participating entities in the FREIA Tender Specifications","Other multiple stage procedure","no, no, no, no",DI-08271,DI-08271,LOT-0001,,"SOPRA STERIA BELGIUM NV/SA---DELOITTE CONSULTING & ADVISORY BV---CRONOS EUROPA LUXEMBOURG S.A.",," "," ",
503165-2025,"31/07/2025 (UTC+02)","Belgium – IT services: consulting, software development, Internet and support – FREIA","European Commission, Directorate-General for Digital Services, See the list of participating entities in the FREIA Tender Specifications","Other multiple stage procedure","no, no, no, no",DI-08270,DI-08270,LOT-0001,,"EVIDEN BELGIUM NV/SA---LEONARDO SPA",," "," ",
503165-2025,"31/07/2025 (UTC+02)","Belgium – IT services: consulting, software development, Internet and support – FREIA","European Commission, Directorate-General for Digital Services, See the list of participating entities in the FREIA Tender Specifications","Other multiple stage procedure","no, no, no, no",DI-08273,DI-08273,LOT-0001,,"CAPGEMINI BELGIUM SA/NV---SOGETI LUXEMBOURG SA---CAPGEMINI TECHNOLOGY SERVICES SAS---CAPGEMINI DEUTSCHLAND GMBH---AIRBUS PROTECT SAS---NVISO BELGIUM SRL",," "," ",
503165-2025,"31/07/2025 (UTC+02)","Belgium – IT services: consulting, software development, Internet and support – FREIA","European Commission, Directorate-General for Digital Services, See the list of participating entities in the FREIA Tender Specifications","Other multiple stage procedure","no, no, no, no",DI-08272,DI-08272,LOT-0001,,"WAVESTONE SA---UNISYSTEMS LUXEMBOURG S.A.R.L.---UNISYS BELGIUM NV",," "," ",
503165-2025,"31/07/2025 (UTC+02)","Belgium – IT services: consulting, software development, Internet and support – FREIA","European Commission, Directorate-General for Digital Services, See the list of participating entities in the FREIA Tender Specifications","Other multiple stage procedure","no, no, no, no",DI-08275,DI-08275,LOT-0002,,"SOPRA STERIA BELGIUM NV/SA---DELOITTE CONSULTING & ADVISORY BV---CRONOS EUROPA LUXEMBOURG S.A.",," "," ",
503165-2025,"31/07/2025 (UTC+02)","Belgium – IT services: consulting, software development, Internet and support – FREIA","European Commission, Directorate-General for Digital Services, See the list of participating entities in the FREIA Tender Specifications","Other multiple stage procedure","no, no, no, no",DI-08274,DI-08274,LOT-0002,,"T-SYSTEMS INTERNATIONAL GMBH---DEUTSCHE TELEKOM GLOBAL BUSINESS SOLUTIONS BELGIUM SA/NV---COSMOTE GLOBAL SOLUTIONS SA/NV---ERNST & YOUNG CONSULTING BV/SRL---ORANGE BUSINESS BELGIUM SA/NV",," "," ",
503165-2025,"31/07/2025 (UTC+02)","Belgium – IT services: consulting, software development, Internet and support – FREIA","European Commission, Directorate-General for Digital Services, See the list of participating entities in the FREIA Tender Specifications","Other multiple stage procedure","no, no, no, no",DI-08277,DI-08277,LOT-0002,,"CAPGEMINI BELGIUM SA/NV---SOGETI LUXEMBOURG SA---PWC EU SERVICES EESV---CAPGEMINI TECHNOLOGY SERVICES SAS---CAPGEMINI DEUTSCHLAND GMBH---AIRBUS PROTECT SAS---NVISO BELGIUM SRL",," "," ",
503165-2025,"31/07/2025 (UTC+02)","Belgium – IT services: consulting, software development, Internet and support – FREIA","European Commission, Directorate-General for Digital Services, See the list of participating entities in the FREIA Tender Specifications","Other multiple stage procedure","no, no, no, no",DI-08276,DI-08276,LOT-0002,,"NTT DATA BELGIQUE SRL---ΝΕΤCOMPANY SA",," "," ",
503165-2025,"31/07/2025 (UTC+02)","Belgium – IT services: consulting, software development, Internet and support – FREIA","European Commission, Directorate-General for Digital Services, See the list of participating entities in the FREIA Tender Specifications","Other multiple stage procedure","no, no, no, no",DI-08278,DI-08278,LOT-0003,,"T-SYSTEMS INTERNATIONAL GMBH---DEUTSCHE TELEKOM GLOBAL BUSINESS SOLUTIONS BELGIUM SA/NV---COSMOTE GLOBAL SOLUTIONS SA/NV---ERNST & YOUNG CONSULTING BV/SRL---ORANGE BUSINESS BELGIUM SA/NV",," "," ",
503165-2025,"31/07/2025 (UTC+02)","Belgium – IT services: consulting, software development, Internet and support – FREIA","European Commission, Directorate-General for Digital Services, See the list of participating entities in the FREIA Tender Specifications","Other multiple stage procedure","no, no, no, no",DI-08280,DI-08280,LOT-0003,,"CAPGEMINI BELGIUM SA/NV---PWC EU SERVICES EESV---SOGETI LUXEMBOURG SA---CAPGEMINI TECHNOLOGY SERVICES SAS---CAPGEMINI DEUTSCHLAND GMBH---AIRBUS PROTECT SAS---NVISO BELGIUM SRL",," "," ",
503165-2025,"31/07/2025 (UTC+02)","Belgium – IT services: consulting, software development, Internet and support – FREIA","European Commission, Directorate-General for Digital Services, See the list of participating entities in the FREIA Tender Specifications","Other multiple stage procedure","no, no, no, no",DI-08279,DI-08279,LOT-0003,,"ACCENTURE SA/NV---INDRA SOLUCIONES TECNOLOGÍAS DE LA INFORMACIÓN S.L.---ARHS DEVELOPMENTS SA",," "," ",
503199-2025,"31/07/2025 (UTC+02)","Belgium – Repair and maintenance services of building installations – Service de maintenance des installations de télégestion des immeubles occupés et/ou gérés par la Commission européenne localisés dans la Région de Bruxelles-Capitale et environs","Commission européenne, OIB - Office for Infrastructure and Logistics in Brussels","Negotiated without prior call for competition",,25PN0039L1,,LOT-0001,,"Honeywell S.A.",," "," ",
505108-2025,"01/08/2025 (UTC+02)","Luxembourg – Nuclear evaluation instruments – Framework Contract for the Purchase of data acquisition modules for Fork detectors in common use with the IAEA","European Commission, DG ENER - Energy","Negotiated without prior call for competition",,"FWC EC­-ENER/LUX/2025/NP/0021",,LOT-0001,,"COSTRUZIONI APPARECCHIATURE ELETTRONICHE NUCLEARI CAEN SPA",," "," ",
505422-2025,"01/08/2025 (UTC+02)","Belgium – Research and development consultancy services – Implementation of the digitalisation vision for inland waterway transport as part of the European Green Deal","European Commission, DG MOVE - Mobility and Transport",Open,,"EC-MOVE/2024/OP/0044 - Green Deal digitalisation IW",,LOT-0001,,"DANUBE COMMISSION---CIRCLE SPA---EUROPEAN INLAND WATERWAY TRANSPORT(IWT) PLATFORM---VIA DONAU OSTERREICHISCHE WASSERSTRASSEN GESELLSCHAFT MBH---STICHTING PROJECTEN BINNENVAART---ECORYS EUROPE EEIG - GEIE","885 350,00",,,EUR
506822-2025,"01/08/2025 (UTC+02)","Jordan – Training programme services – Strengthen the capacity of Jordanian public administrations for enhanced EU-Jordan relations","European Commission, MENA.B.1 - Lebanon, Syria, Jordan, Iraq and Iran","Negotiated without prior call for competition",,"NDICI-GEO-MENA/2025/484-537",,LOT-0001,,"COLLEGE D EUROPE BRUGES COLLEGE OF EUROPE ~ EUROPA COLLEGE STICHTING VAN OPENBAAR NUT","1 000 000,00",,,EUR
508250-2025,"04/08/2025 (UTC+02)","Belgium – Vehicle refuelling services – UCA 25/006 - Service de gestion des utilisateurs des bornes de recharges pour véhicules électriques situées dans les bâtiments des Institutions et entités participantes à Bruxelles, à Luxembourg et à Strasbourg (7 lots)","Secrétariat général du Conseil de l'Union européenne, EC - European Commission, EP - European Parliament, European External Action Service (EEAS), European Defence Agency, Committee of the Regions of the European Union, European Economic and Social Committee",Open,,,,LOT-0004,,"Not Awarded",," "," ",
508816-2025,"04/08/2025 (UTC+02)","Belgium – Vehicle refuelling services – UCA 25/006 - Service de gestion des utilisateurs des bornes de recharges pour véhicules électriques situées dans les bâtiments des Institutions et entités participantes à Bruxelles, à Luxembourg et à Strasbourg (7 lots)","Secrétariat général du Conseil de l'Union européenne, EC - European Commission, EP - European Parliament, European External Action Service (EEAS), European Defence Agency, Committee of the Regions of the European Union, European Economic and Social Committee",Open,,,,LOT-0002,,"Not Awarded",," "," ",
509133-2025,"04/08/2025 (UTC+02)","Belgium – Vehicle refuelling services – UCA 25/006 - Service de gestion des utilisateurs des bornes de recharges pour véhicules électriques situées dans les bâtiments des Institutions et entités participantes à Bruxelles, à Luxembourg et à Strasbourg (7 lots)","Secrétariat général du Conseil de l'Union européenne, EC - European Commission, EP - European Parliament, European External Action Service (EEAS), European Defence Agency, Committee of the Regions of the European Union, European Economic and Social Committee",Open,,,,LOT-0005,,"Not Awarded",," "," ",
509627-2025,"04/08/2025 (UTC+02)","Belgium – Vehicle refuelling services – UCA 25/006 - Service de gestion des utilisateurs des bornes de recharges pour véhicules électriques situées dans les bâtiments des Institutions et entités participantes à Bruxelles, à Luxembourg et à Strasbourg (7 lots)","Secrétariat général du Conseil de l'Union européenne, EC - European Commission, EP - European Parliament, European External Action Service (EEAS), European Defence Agency, Committee of the Regions of the European Union, European Economic and Social Committee",Open,,,,LOT-0001,,"Not Awarded",," "," ",
509721-2025,"04/08/2025 (UTC+02)","Belgium – Vehicle refuelling services – UCA 25/006 - Service de gestion des utilisateurs des bornes de recharges pour véhicules électriques situées dans les bâtiments des Institutions et entités participantes à Bruxelles, à Luxembourg et à Strasbourg (7 lots)","Secrétariat général du Conseil de l'Union européenne, EC - European Commission, EP - European Parliament, European External Action Service (EEAS), European Defence Agency, Committee of the Regions of the European Union, European Economic and Social Committee",Open,,,,LOT-0007,,"Not Awarded",," "," ",
510284-2025,"04/08/2025 (UTC+02)","Belgium – Vehicle refuelling services – UCA 25/006 - Service de gestion des utilisateurs des bornes de recharges pour véhicules électriques situées dans les bâtiments des Institutions et entités participantes à Bruxelles, à Luxembourg et à Strasbourg (7 lots)","Secrétariat général du Conseil de l'Union européenne, EC - European Commission, EP - European Parliament, European External Action Service (EEAS), European Defence Agency, Committee of the Regions of the European Union, European Economic and Social Committee",Open,,,,LOT-0006,,"Not Awarded",," "," ",
510473-2025,"04/08/2025 (UTC+02)","Belgium – Vehicle refuelling services – UCA 25/006 - Service de gestion des utilisateurs des bornes de recharges pour véhicules électriques situées dans les bâtiments des Institutions et entités participantes à Bruxelles, à Luxembourg et à Strasbourg (7 lots)","Secrétariat général du Conseil de l'Union européenne, EC - European Commission, EP - European Parliament, European External Action Service (EEAS), European Defence Agency, Committee of the Regions of the European Union, European Economic and Social Committee",Open,,,,LOT-0003,,"Not Awarded",," "," ",
512995-2025,"05/08/2025 (UTC+02)","Belgium – Software package and information systems – Negotiated procedure with SAP","European Commission, DG DIGIT - Digital Services","Negotiated without prior call for competition",,DI-08310,,LOT-0001,,"SAP BELGIUM - SYSTEMS APPLICATIONS AND PRODUCTS SA",," "," ",
514890-2025,"06/08/2025 (UTC+02)","Belgium – Public-opinion polling services – Standard Eurobarometer Surveys Ceiling Increase","European Commission, DG COMM - Communication","Negotiated without prior call for competition",,COMM-2021-OP-0432,,LOT-0001,,"VERIAN GROUP BELGIUM ~ VERIAN GROUP BELGIUM SA",," "," ",
515491-2025,"06/08/2025 (UTC+02)","Belgium – Environmental services – Support Services on EU Deforestation Regulation, EU Timber Regulation and FLEGT Regulation","European Commission, DG ENV - Environment",Open,,"090201/2025/4500112214/SER/ENV.F1",,LOT-0001,,"WCMC LBG---INSTITUTE FOR EUROPEAN ENVIRONMENTAL POLICY","3 600 000,00",,,EUR
515844-2025,"06/08/2025 (UTC+02)","Belgium – Telecommunications services – Session Initiation Protocol based telephony services for European Parliament’s Liaison Offices","European Commission, DG DIGIT - Digital Services, EP - European Parliament","Other multiple stage procedure",,08290,,LOT-0001,,"ORANGE BUSINESS BELGIUM SA",," "," ",
517454-2025,"07/08/2025 (UTC+02)","France – Sewage treatment services – Exploitation des ouvrages d’assainissement","COMMUNAUTE DE COMMUNES CONQUES MARCILLAC",Open,,"Exploitation des ouvrages d’assainissement",,LOT-0001,,"SUEZ EAU FRANCE","1 552 702,18",,,EUR
517808-2025,"07/08/2025 (UTC+02)","Austria – Telecommunications services – Management of Social Media and Online Services of the European Commission and Europe Direct Information Centres in Austria and Production of Audio-Visual Material","European Commission, DG COMM - Communication",Open,,COMM/VIE/2023/OP/0738,,LOT-0001,,"Wonne Digitalagentur GmbH",," "," ",
519907-2025,"08/08/2025 (UTC+02)","Belgium – Legal advisory services – External service desk to provide support in complying with the AI Act","European Commission, DG CNECT - Communications Networks, Content and Technology",Open,,300129529,,LOT-0001,,"KPMG Avocats---ASTEC GLOBAL CONSULTANCY LIMITED---UNIVERSIDAD DE ALICANTE","1 500 030,00",,,EUR
522125-2025,"08/08/2025 (UTC+02)","Ireland, Belgium – Electricity – Supply of electricity and gas - Facilities/7249","European Foundation for the Improvement of Living and Working Conditions, EP - European Parliament, European Commission, DG SANTE - Health and Food Safety",Open,,25-2020-01,,LOT-0002,,"BORD GAIS ENERGY LIMITED",," "," ",
522757-2025,"08/08/2025 (UTC+02)","Ireland, Belgium – Electricity – Supply of electricity and gas - Facilities/7249","European Foundation for the Improvement of Living and Working Conditions, EP - European Parliament, European Commission, DG SANTE - Health and Food Safety",Open,,25-2020-02,,LOT-0001,,"BORD GAIS ENERGY LIMITED",," "," ",
523222-2025,"11/08/2025 (UTC+02)","Belgium – Legal advisory services – Provision of legal assistance services in real estate matters","European Commission, OIB - Office for Infrastructure and Logistics in Brussels",Open,,"EC-OIB/2024/OP/0101/L0/C2",,LOT-0001,,"PWC Legal BV",," "," ",
523222-2025,"11/08/2025 (UTC+02)","Belgium – Legal advisory services – Provision of legal assistance services in real estate matters","European Commission, OIB - Office for Infrastructure and Logistics in Brussels",Open,,"EC-OIB/2024/OP/0101/L0/C1",,LOT-0001,,"Simont Braun",," "," ",
523222-2025,"11/08/2025 (UTC+02)","Belgium – Legal advisory services – Provision of legal assistance services in real estate matters","European Commission, OIB - Office for Infrastructure and Logistics in Brussels",Open,,"EC-OIB/2024/OP/0101/L0/C3",,LOT-0001,,Lydian,," "," ",
524723-2025,"11/08/2025 (UTC+02)","Belgium – Research and development services and related consultancy services – Generalised Scheme of Preferences (GSP) and Trade and Sustainable Development (TSD) Compliance Support Facility","European Commission, DG TRADE - Trade",Open,,"EC-­TRADE/2024/OP/0024 - TRADE/2025/C3/C03",,LOT-0001,,"WEGLOBAL SRL---OCA GLOBAL CONSULTING AND TECHNICALADVISORY SERVICES SL","1 975 000,00",,,EUR
526986-2025,"12/08/2025 (UTC+02)","Germany – Repair and maintenance services of measuring apparatus – Messtechnik und Durchführung von Wiederkehrenden Prüfungen im JRC Karlsruhe","Europäische Kommission, Gemeinsame Forschungsstelle (JRC)",Open,,"CCR.483-2025-07 KAR DE",,LOT-0001,,"SAFETEC GMBH",," "," ",
529426-2025,"13/08/2025 (UTC+02)","Luxembourg – Health services – Supply and analysis of passive radiation dosimeters and assessment of radiation exposures","European Commission, DG ENER - Energy",Open,,,,LOT-0001,,"Not Awarded",," "," ",
532242-2025,"14/08/2025 (UTC+02)","North Macedonia – Computer equipment and supplies – Supply for strengthening the capacities of the Customs Administration to investigate organised and cross-border crime and corruption","European Union, represented by the European Commission on behalf of and for the account of North Macedonia",Open,,,,LOT-0002,,"Not Awarded",," "," ",
533447-2025,"14/08/2025 (UTC+02)","Malawi – Business and management consultancy services – Technical Assistance for the development of eco-tourism in Malawi","European Commission, INTPA - International Partnerships",Restricted,,NDICIAFRICA/2025/485484,,LOT-0001,,"DT GLOBAL IDEV EUROPE S.L---AHT GROUP GMBH","2 479 000,00",,,EUR
534185-2025,"14/08/2025 (UTC+02)","North Macedonia – Computer equipment and supplies – Supply for strengthening the capacities of the Customs Administration to investigate organised and cross-border crime and corruption","European Union, represented by the European Commission on behalf of and for the account of North Macedonia",Open,,,,LOT-0001,,"Not Awarded",," "," ",
534556-2025,"14/08/2025 (UTC+02)","Kazakhstan – Development consultancy services – Technical Support for the Trans-Caspian Transport Corridor Coordination Platform","European Commission, INTPA - International Partnerships",Restricted,,485-384,,LOT-0001,,"DB ENGINEERING & CONSULTING GMBH---Dornier Consulting International GmbH","3 000 000,00",,,EUR
534775-2025,"14/08/2025 (UTC+02)","Belgium – Auditing services – JRC multi-site organisation certification for ISO 9001 & for ISO 45001 on-site level & for ISO 27001 for IT-applications","European Commission, DG JRC - Joint Research Centre",Open,,"RODRIGO FREIGERO, CARMEN",,LOT-0001,,"SGS INTERNATIONAL CERTIFICATION SERVICES IBERICA SA",," "," ",
537304-2025,"18/08/2025 (UTC+02)","Ukraine – Public relations consultancy services – Together we are Europe – Enhancing awareness of EU assistance in Ukraine and its impact 2025-2027","European Commission, ENEST - Enlargement and Eastern Neighbourhood",Restricted,,"UA FACILITY/2025/483-849",,LOT-0001,,"GOPA PARTNERS IN ACTION FOR CHANGE AND ENGAGEMENT","3 990 000,00",,,EUR
537622-2025,"18/08/2025 (UTC+02)","Ukraine – Telecommunications services – Digital Regulation Support to Ukraine","European Commission, ENEST - Enlargement and Eastern Neighbourhood","Negotiated without prior call for competition",,"ENEST-UA FACILITY/2025/485-309",,LOT-0001,,"DETECON INTERNATIONAL GMBH","2 698 090,00",,,EUR
537824-2025,"19/08/2025 (UTC+02)","Sweden, Belgium – Supply services of personnel including temporary staff – RMS/250288 - Interim Services","European Centre for Disease Prevention and Control, EC - European Commission",Open,,ECDC/2025/005,,LOT-0002,,"Randstad AB",," "," ",
538206-2025,"19/08/2025 (UTC+02)","Ukraine – IT services: consulting, software development, Internet and support – Electronic Regulatory Platform (ERP) for the National Commission for the State Regulation of Electronic Communications, Radio Frequency Spectrum and the Provision of Postal Services (NCEC)","European Commission, ENEST - Enlargement and Eastern Neighbourhood",Restricted,,"NDICI-GEO-ENEST/2025/483-764",,LOT-0001,,"Limited Society ""Laboratory of information systems""---EUROTELECOM","1 394 450,00",,,EUR
538867-2025,"19/08/2025 (UTC+02)","Sweden, Belgium – Supply services of personnel including temporary staff – RMS/250288 - Interim Services","European Centre for Disease Prevention and Control, EC - European Commission",Open,,ECDC/2025/004,,LOT-0001,,"Perido AB",," "," ",
539711-2025,"19/08/2025 (UTC+02)","Belgium, Luxembourg, France, Latvia, Germany, Netherlands, Poland, Sweden, Greece, Finland, Denmark, Spain, Ireland, Lithuania, Hungary, Slovakia, Portugal, Italy, Malta, Austria, Slovenia, Estonia, Czechia – Human resources management consultancy services – Consultancy services for those dealing with human resources in the EU Institutions, Agencies and other bodies","European Commission, DG HR - Human Resources and Security, Court of Justice of the European Union, EDPS - European Data Protection Supervisor, EP - European Parliament, European Court of Auditors, European External Action Service (EEAS), OMBUDSMAN - European Ombudsman, The General Secretariat of the Council of the European Union, Agence Exécutive du Conseil Européen de la Recherche, European Climate, Infrastructure and Environment Executive Agency (CINEA), European Education and Culture Executive Agency (EACEA), European Innovation Council and SMEs Executive Agency (EISMEA), European Research Executive Agency (REA), Health and Digital Executive Agency (HaDEA), Agency for Support for BEREC (BEREC Office), Chips Joint Undertaking, Circular Bio-based Europe Joint Undertaking, Clean Aviation Joint Undertaking, Clean Hydrogen Joint Undertaking, Community Plant Variety Office, ECB - European Central Bank, EDCTP3 JU - Global Health EDCTP3 Joint Undertaking, EURSC - European Schools, Eurojust, Europe's Rail Joint Undertaking, European Banking Authority, European Border and Coast Guard Agency (FRONTEX), European Centre for Disease Prevention and Control, European Centre for the Development of Vocational Training (CEDEFOP), European Chemicals Agency, European Environment Agency (EEA), European Fisheries Control Agency (EFCA), European Foundation for the Improvement of Living and Working Conditions, European Institute for Gender Equality, European Institute of Innovation and Technology, European Insurance and Occupational Pensions Authority, European Labour Authority (ELA), European Maritime Safety Agency, European Medicines Agency, European Monitoring Centre for Drugs and Drug Addiction, European Police Office, European Public Prosecutor’s Office, European Railway Agency, European Securities and Markets Authority, European Training Foundation (ETF), European Union Agency For Law Enforcement Training, European Union Agency for Asylum, European Union Agency for Cybersecurity (ENISA), European Union Agency for Fundamental Rights, European Union Agency for the Cooperation of Energy Regulators, European Union Agency for the Operational Management of Large-Scale IT Systems in the Area of Freedom, Security and Justice (eu-LISA), European Union Agency for the Space Programme, European Union Aviation Safety Agency, European Union Intellectual Property Office, F4E - Fusion for Energy Joint Undertaking, Innovative Health Initiative Joint Undertaking (IHI JU), SESAR3 Joint Undertaking, Single Resolution Board (SRB), Translation Centre for the Bodies of the European Union, European Economic and Social Committee",Open,"yes, yes, yes","HR/2023/OP/0317 - 2",,LOT-0001,,"Deloitte Consulting & Advisory BV---Great People Inside SRL","6 977 050,00",,,EUR
539711-2025,"19/08/2025 (UTC+02)","Belgium, Luxembourg, France, Latvia, Germany, Netherlands, Poland, Sweden, Greece, Finland, Denmark, Spain, Ireland, Lithuania, Hungary, Slovakia, Portugal, Italy, Malta, Austria, Slovenia, Estonia, Czechia – Human resources management consultancy services – Consultancy services for those dealing with human resources in the EU Institutions, Agencies and other bodies","European Commission, DG HR - Human Resources and Security, Court of Justice of the European Union, EDPS - European Data Protection Supervisor, EP - European Parliament, European Court of Auditors, European External Action Service (EEAS), OMBUDSMAN - European Ombudsman, The General Secretariat of the Council of the European Union, Agence Exécutive du Conseil Européen de la Recherche, European Climate, Infrastructure and Environment Executive Agency (CINEA), European Education and Culture Executive Agency (EACEA), European Innovation Council and SMEs Executive Agency (EISMEA), European Research Executive Agency (REA), Health and Digital Executive Agency (HaDEA), Agency for Support for BEREC (BEREC Office), Chips Joint Undertaking, Circular Bio-based Europe Joint Undertaking, Clean Aviation Joint Undertaking, Clean Hydrogen Joint Undertaking, Community Plant Variety Office, ECB - European Central Bank, EDCTP3 JU - Global Health EDCTP3 Joint Undertaking, EURSC - European Schools, Eurojust, Europe's Rail Joint Undertaking, European Banking Authority, European Border and Coast Guard Agency (FRONTEX), European Centre for Disease Prevention and Control, European Centre for the Development of Vocational Training (CEDEFOP), European Chemicals Agency, European Environment Agency (EEA), European Fisheries Control Agency (EFCA), European Foundation for the Improvement of Living and Working Conditions, European Institute for Gender Equality, European Institute of Innovation and Technology, European Insurance and Occupational Pensions Authority, European Labour Authority (ELA), European Maritime Safety Agency, European Medicines Agency, European Monitoring Centre for Drugs and Drug Addiction, European Police Office, European Public Prosecutor’s Office, European Railway Agency, European Securities and Markets Authority, European Training Foundation (ETF), European Union Agency For Law Enforcement Training, European Union Agency for Asylum, European Union Agency for Cybersecurity (ENISA), European Union Agency for Fundamental Rights, European Union Agency for the Cooperation of Energy Regulators, European Union Agency for the Operational Management of Large-Scale IT Systems in the Area of Freedom, Security and Justice (eu-LISA), European Union Agency for the Space Programme, European Union Aviation Safety Agency, European Union Intellectual Property Office, F4E - Fusion for Energy Joint Undertaking, Innovative Health Initiative Joint Undertaking (IHI JU), SESAR3 Joint Undertaking, Single Resolution Board (SRB), Translation Centre for the Bodies of the European Union, European Economic and Social Committee",Open,"yes, yes, yes","HR/2023/OP/0317 - 1",,LOT-0001,,"EY Advisory SPA","6 570 950,00",,,EUR
539711-2025,"19/08/2025 (UTC+02)","Belgium, Luxembourg, France, Latvia, Germany, Netherlands, Poland, Sweden, Greece, Finland, Denmark, Spain, Ireland, Lithuania, Hungary, Slovakia, Portugal, Italy, Malta, Austria, Slovenia, Estonia, Czechia – Human resources management consultancy services – Consultancy services for those dealing with human resources in the EU Institutions, Agencies and other bodies","European Commission, DG HR - Human Resources and Security, Court of Justice of the European Union, EDPS - European Data Protection Supervisor, EP - European Parliament, European Court of Auditors, European External Action Service (EEAS), OMBUDSMAN - European Ombudsman, The General Secretariat of the Council of the European Union, Agence Exécutive du Conseil Européen de la Recherche, European Climate, Infrastructure and Environment Executive Agency (CINEA), European Education and Culture Executive Agency (EACEA), European Innovation Council and SMEs Executive Agency (EISMEA), European Research Executive Agency (REA), Health and Digital Executive Agency (HaDEA), Agency for Support for BEREC (BEREC Office), Chips Joint Undertaking, Circular Bio-based Europe Joint Undertaking, Clean Aviation Joint Undertaking, Clean Hydrogen Joint Undertaking, Community Plant Variety Office, ECB - European Central Bank, EDCTP3 JU - Global Health EDCTP3 Joint Undertaking, EURSC - European Schools, Eurojust, Europe's Rail Joint Undertaking, European Banking Authority, European Border and Coast Guard Agency (FRONTEX), European Centre for Disease Prevention and Control, European Centre for the Development of Vocational Training (CEDEFOP), European Chemicals Agency, European Environment Agency (EEA), European Fisheries Control Agency (EFCA), European Foundation for the Improvement of Living and Working Conditions, European Institute for Gender Equality, European Institute of Innovation and Technology, European Insurance and Occupational Pensions Authority, European Labour Authority (ELA), European Maritime Safety Agency, European Medicines Agency, European Monitoring Centre for Drugs and Drug Addiction, European Police Office, European Public Prosecutor’s Office, European Railway Agency, European Securities and Markets Authority, European Training Foundation (ETF), European Union Agency For Law Enforcement Training, European Union Agency for Asylum, European Union Agency for Cybersecurity (ENISA), European Union Agency for Fundamental Rights, European Union Agency for the Cooperation of Energy Regulators, European Union Agency for the Operational Management of Large-Scale IT Systems in the Area of Freedom, Security and Justice (eu-LISA), European Union Agency for the Space Programme, European Union Aviation Safety Agency, European Union Intellectual Property Office, F4E - Fusion for Energy Joint Undertaking, Innovative Health Initiative Joint Undertaking (IHI JU), SESAR3 Joint Undertaking, Single Resolution Board (SRB), Translation Centre for the Bodies of the European Union, European Economic and Social Committee",Open,"yes, yes, yes","HR/2023/OP/0317 - 3",,LOT-0001,,"PwC EU Services EESV","8 939 324,00",,,EUR
541490-2025,"19/08/2025 (UTC+02)","Belgium – Research consultancy services – Building a close relationship with the United Kingdom","European Commission, FPI - Service for Foreign Policy Instruments",Restricted,,"NDICI FPN FPI/2025/484-405",,LOT-0001,,"GOPA PARTNERS IN ACTION FOR CHANGE AND ENGAGEMENT","3 684 000,00",,,EUR
543328-2025,"20/08/2025 (UTC+02)","Belgium – Legal advisory services – Legal assistance in the fields of Mobility and Transport and Energy","European Commission, DG MOVE - Mobility and Transport",Open,,"EC-MOVE/2025/OP/0009 - Milieu",,LOT-0001,,"MILIEU CONSULTING",," "," ",
543328-2025,"20/08/2025 (UTC+02)","Belgium – Legal advisory services – Legal assistance in the fields of Mobility and Transport and Energy","European Commission, DG MOVE - Mobility and Transport",Open,,"EC-MOVE/2025/OP/0009 - Grimaldi",,LOT-0001,,"GRIMALDI STUDIO LEGALE SRL BE---GRIMALDI STUDIO LEGALE IT",," "," ",
543328-2025,"20/08/2025 (UTC+02)","Belgium – Legal advisory services – Legal assistance in the fields of Mobility and Transport and Energy","European Commission, DG MOVE - Mobility and Transport",Open,,"EC-MOVE/2025/OP/0009 - Spark",,LOT-0001,,"SPARK LEGAL AND POLICY CONSULTING BV",," "," ",
543881-2025,"20/08/2025 (UTC+02)","Belgium – Technical analysis or consultancy services – Assessing Net Climate Impact of Digital Networks Infrastructures","European Commission, DG CNECT - Communications Networks, Content and Technology",Open,,4500118729,,LOT-0001,,"Carbon Trust Europe B.V.","195 000,00",,,EUR
545516-2025,"21/08/2025 (UTC+02)","Italy – Firefighting vehicles – Acquisto di veicolo leggero per la risposta di emergenza con modulo Compressed Air Foam System (CAFS)","Commissione europea, Centro comune di ricerca (JRC)",Open,,300128515,,LOT-0001,,"ROSENBAUER ITALIA SRL","135 787,95",,,EUR
551411-2025,"25/08/2025 (UTC+02)","Thailand – Research and development services and related consultancy services – European Business and Regulatory Cooperation Programme in Taiwan (EBRC 3)","European Commission, FPI - Service for Foreign Policy Instruments",Restricted,,"NDICI ASIA FPI/2025/486-916",,LOT-0001,,"INDUSTRIAL TECHNOLOGY RESEARCH INSTITUTE INCORPORATED","1 699 887,00",,,EUR
552096-2025,"25/08/2025 (UTC+02)","Italy – Project management software development services – Maintenance and support of project management software tool/s.","European Commission, DG JRC - Joint Research Centre",Open,,EC-JRC/IPR/2024/OP/2935,,LOT-0001,,"APP CONSULTORIA DE GESTION DE PROYECTOS S.L.",," "," ",
552554-2025,"25/08/2025 (UTC+02)","Belgium – Economic research services – Trade Sustainability Impact Assessment in support of Free Trade Agreement (FTA) negotiations between the EU and Thailand","European Commission, DG TRADE - Trade",Open,,"EC-TRADE/2025/OP/0002 - 2025/C2/C01",,LOT-0001,,"MILIEU CONSULTING---LSE ENTERPRISE LIMITED","329 900,00",,,EUR
554019-2025,"25/08/2025 (UTC+02)","Ukraine – Business services: law, marketing, consulting, recruitment, printing and security – Further regulatory approximation with the EU legislation and international standards in financial markets in Ukraine","European Union, represented by the European Commission on behalf of and for the account of Ukraine",Restricted,,"NDICI-GEO-ENEST/2025/484-498",,LOT-0001,,"DAI GLOBAL BELGIUM---BE BERLIN ECONOMICS GMBH---Kyiv School of Economics Institute","3 000 000,00",,,EUR
554284-2025,"26/08/2025 (UTC+02)","Serbia – Business services: law, marketing, consulting, recruitment, printing and security – EUINFONET - EU Communication network in Serbia","European Union, represented by the European Commission on behalf of and for the account of Serbia",Restricted,,2025/486-948,,LOT-0001,,"GOPA PARTNERS IN ACTION FOR CHANGE AND ENGAGEMENT---GOPA International Energy Consultants GmbH ogranak Beograd","2 622 000,00",,,EUR
556368-2025,"26/08/2025 (UTC+02)","Laos – Business services: law, marketing, consulting, recruitment, printing and security – Laos EU Cooperation Facility","European Commission, INTPA - International Partnerships",Restricted,,,,LOT-0001,,"Not Awarded",," "," ",
556507-2025,"26/08/2025 (UTC+02)","Denmark, Belgium – Information technology services – EEA/DTL/25/012 - IT consultancy services in the area of web development in Plone WCMS for the European Environment Agency and the European Commission - DG ENV and DG CLIMA","European Environment Agency (EEA), European Commission, DG CLIMA - Climate Action",Open,,EEA/DTL/25/012,,LOT-0001,,"EAU DE WEB SRL",," "," ",
558378-2025,"27/08/2025 (UTC+02)","Belgium – Sewage, refuse, cleaning and environmental services – Design and implementation of ""Industrial Decarbonisation Bank""","European Commission, DG CLIMA - Climate Action",Open,,300132973,,LOT-0001,,"FRAUNHOFER GESELLSCHAFT ZUR FORDERUNG DER ANGEWANDTEN FORSCHUNG EV","360 000,00",,,EUR
560741-2025,"28/08/2025 (UTC+02)","Mauritania – Supporting services for the government – Assistance technique pour le programme d’Accès abordable à une électricité propre et renouvelable","Commission européenne, INTPA - International Partnerships",Restricted,,NDICI/2025/485-380,,LOT-0001,,"GFA CONSULTING GROUP GMBH---IRC","3 810 600,00",,,EUR
561469-2025,"28/08/2025 (UTC+02)","Belgium – Administration services – Assistance to the Secretariat of the Audit Board of the Administrative Commission for the coordination of social security systems","European Commission, DG EMPL - Employment, Social Affairs and Inclusion",Open,,"N° 300125396",,LOT-0001,,"JONATHAN OLSSON CONSULTING","99 994,00",,,EUR
562265-2025,"28/08/2025 (UTC+02)","Belgium – Auditing services – DG ENEST/MENA Residual Error Rate Study","European Commission, DG ENEST - Enlargement and Eastern Neighbourhood",Restricted,,2025/485-723,,LOT-0001,,"BDO LLP","2 000 000,00",,,EUR
562726-2025,"28/08/2025 (UTC+02)","Belgium, Luxembourg – IT services: consulting, software development, Internet and support – COMPETITION PROSERV - 0007 EIB CloudForge","European Commission, DG DIGIT - Digital Services, European Investment Bank","Other multiple stage procedure",,T150697,,LOT-0001,,"ACCENTURE SA","3 645 000,00",,,EUR
563067-2025,"28/08/2025 (UTC+02)","North Macedonia – Motor vehicles – Supply of special purpose vehicles and equipment for the State Transport Inspectorate","European Union, represented by the European Commission on behalf of and for the account of North Macedonia",Open,,,,LOT-0004,,"Not Awarded",," "," ",
565020-2025,"29/08/2025 (UTC+02)","Luxembourg – Repair and maintenance services – Framework service contract for the maintenance and updating of operational technologies (OT) tools","European Commission, DG ENER - Energy","Negotiated without prior call for competition",,"FWC EC-ENER/LUX/2025/NP/0037",,LOT-0001,,"DOKUMENTA SA",," "," ",
566343-2025,"29/08/2025 (UTC+02)","Belgium – Research and development services and related consultancy services – Knowledge Management Support Services","European Commission, FPI - Service for Foreign Policy Instruments",Restricted,,"NDICI STABILITY/2025/483-943",,LOT-0001,,"KOMIS---NIRAS AS---EREVNITIKO PANEPISTIMIAKO INSTITOUTO SYSTIMATON EPIKOINONION KAI YPOLOGISTON","5 692 400,00",,,EUR
568916-2025,"01/09/2025 (UTC+02)","Belgium – Market and economic research; polling and statistics – Study on dynamic merger effects","European Commission, DG COMP - Competition",Open,,EC-COMP/2025/OP/0003,,LOT-0001,,"Oxera Consulting LLP","779 593,00",,,EUR
574672-2025,"03/09/2025 (UTC+02)","Belgium – IT services: consulting, software development, Internet and support – Princesse IV - Print-as-a-Service","European Commission, DG DIGIT - Digital Services",Open,,DI-08300,,LOT-0001,,"CANON BELGIUM NV",," "," ",
578826-2025,"04/09/2025 (UTC+02)","Italy – Supply services of personnel including temporary staff – Framework service contract for temporary agency work for the services of the European Commission at the Joint Research Centre (JRC) in Ispra and the offices of the European Commission Representation in Rome and Milan","European Commission, DG HR - Human Resources and Security",Open,,"CCR 481",,LOT-0001,,"JOB ITALIA SPA AGENZIA PER IL LAVORO",," "," ",
578826-2025,"04/09/2025 (UTC+02)","Italy – Supply services of personnel including temporary staff – Framework service contract for temporary agency work for the services of the European Commission at the Joint Research Centre (JRC) in Ispra and the offices of the European Commission Representation in Rome and Milan","European Commission, DG HR - Human Resources and Security",Open,,"CCR 482",,LOT-0001,,"ETJCA SPA",," "," ",
578945-2025,"04/09/2025 (UTC+02)","Ireland – Security services – DUB Increase ceiling FWC COMMDUB2022RP0377 - Security services","European Commission, DG COMM - Communication","Negotiated without prior call for competition",,EC-COMM/DUB/2025/NP/0243,,LOT-0001,,"MGP ~ MANGUARD PLUS LIMITED",," "," ",
580987-2025,"05/09/2025 (UTC+02)","Spain – Graphic design services – Audiovisual and Graphic Design Services for JRC Seville site","European Commission, DG JRC - Joint Research Centre",Open,,CCR.479,,LOT-0001,,"On White Makers S.L.",," "," ",
581181-2025,"05/09/2025 (UTC+02)","Belgium – Advertising campaign services – addendum 5 to EU Neighbours East Communication Programme (ENI/2020/420-847)","European Commission, ENEST - Enlargement and Eastern Neighbourhood","Negotiated without prior call for competition",,ENI/2020/420-847,,LOT-0001,,"WEGLOBAL DANISMANLIK ANONIM SIRKETI---GOPA PARTNERS IN ACTION FOR CHANGE AND ENGAGEMENT---INTERNEWS UKRAINE---MMS Communications Belgium---VO EUROPE","7 037 925,50",,,EUR
581608-2025,"05/09/2025 (UTC+02)","Spain – Graphic design services – Audiovisual and Graphic Design Services for JRC Seville site","European Commission, DG JRC - Joint Research Centre",Open,,CCR.480,,LOT-0002,,"Lateral Contents SL",," "," ",
582978-2025,"08/09/2025 (UTC+02)","Belgium – Medical practice services – Contrôle des absences médicales","Commission européenne, DG HR - Human Resources and Security",Open,,"EC-HR/2024/OP/0173 lot 3",,LOT-0003,,"Sella Alberto",," "," ",
583607-2025,"08/09/2025 (UTC+02)","Spain – Health and safety consultancy services – Prevención de riesgos laborales, medicina ocupacional y asesoramiento","Comisión Europea, DG JRC - Centro Común de Investigación",Open,,EC-JRC/SVQ/2025/OP/0172,,LOT-0002,,"QUIRON PREVENCION SOCIEDAD LIMITADA","306 712,00",,,EUR
584371-2025,"08/09/2025 (UTC+02)","Belgium – Medical practice services – Contrôle des absences médicales","Commission européenne, DG HR - Human Resources and Security",Open,,"EC-HR/2024/OP/0173 lot 2",,LOT-0002,,"Centres Médicaux Docteur Fabrice Jurysta",," "," ",
584576-2025,"08/09/2025 (UTC+02)","Spain – Health and safety consultancy services – Prevención de riesgos laborales, medicina ocupacional y asesoramiento","Comisión Europea, DG JRC - Centro Común de Investigación",Open,,801003366,,LOT-0001,,"VITALY HEALTH SERVICES S.L.","102 400,00",,,EUR
584654-2025,"08/09/2025 (UTC+02)","Belgium – Medical practice services – Contrôle des absences médicales","Commission européenne, DG HR - Human Resources and Security",Open,,"EC-HR/2024/OP/0173 lot 1 BRUXELLES",,LOT-0001,,"Centres Médicaux Docteur Fabrice Jurysta",," "," ",
585294-2025,"08/09/2025 (UTC+02)","Luxembourg – General management consultancy services – Study to analyse health, socio-economic and environmental impacts in connection with possible amendments of Dir 2004/37/EC on the protection of workers from the risks related to exposure to carcinogens, mutagens or reprotoxic substances","European Commission, DG EMPL - Employment, Social Affairs and Inclusion",Open,,"PO 4500110182",,LOT-0001,,"RISK & POLICY ANALYSTS LIMITED","1 544 275,00",,,EUR
589973-2025,"10/09/2025 (UTC+02)","Italy – Repair and maintenance services – Maintenance of Zero Air Supply and Dynamic Dilution Facility (“Bench”)","European Commission, DG JRC - Joint Research Centre","Negotiated without prior call for competition",,CCR.501,,LOT-0001,,"Umwelttechnik MCZ GmbH",," "," ",
595638-2025,"12/09/2025 (UTC+02)","Belgium – Research and development services and related consultancy services – Digital Transformation Accelerator Phase II","European Commission, DG CNECT - Communications Networks, Content and Technology",Open,,4500121633,,LOT-0001,,"PPMI Group---LOW ASSOCIATES BRUSSELS","3 600 000,00",,,EUR
595822-2025,"12/09/2025 (UTC+02)","Ireland – Radio production services – Broadcast Services to provide EU-related News for Local and Community Radio Stations in Ireland","European Commission, DG COMM - Communication",Open,,EC-COMM/DUB/2024/OP/0006,,LOT-0001,,"SKYEBYTE Productions Limited","200 000,00",,,EUR
598649-2025,"12/09/2025 (UTC+02)","Luxembourg – Medical practice services – Prestations de services spécialisés dans le domaine de la pédiatrie-conseil.","Commission européenne, OIL - Office Infrastructures et Logistique à Luxembourg","Negotiated without prior call for competition",,"Ares(2024)8679911",,LOT-0001,,"PONGAS MARIOS",," "," ",
598904-2025,"15/09/2025 (UTC+02)","Belgium, Luxembourg, France, Spain, Greece, Hungary, Slovakia, Portugal, Netherlands, Italy, Malta, Slovenia, Germany – Training services – Language training for the Institutions, Bodies and Agencies of the European Union","European Commission, DG HR - Human Resources and Security, Court of Justice of the European Union, EP - European Parliament, European Court of Auditors, European External Action Service (EEAS), OMBUDSMAN - European Ombudsman, The General Secretariat of the Council of the European Union, Agence Exécutive du Conseil Européen de la Recherche, European Education and Culture Executive Agency (EACEA), European Innovation Council and SMEs Executive Agency (EISMEA), European Research Executive Agency (REA), Health and Digital Executive Agency (HaDEA), AMLA - Authority for Anti-Money Laundering and Countering the Financing of Terrorism, Chips Joint Undertaking, Circular Bio-based Europe Joint Undertaking, Europe's Rail Joint Undertaking, European Agency for Safety and Health at Work (EU-OSHA), European Banking Authority, European Centre for the Development of Vocational Training, European Defence Agency, European Fisheries Control Agency (EFCA), European High-Performance Computing Joint Undertaking, European Institute of Innovation and Technology, European Labour Authority (ELA), European Maritime Safety Agency, European Medicines Agency, European Public Prosecutor’s Office, European Securities and Markets Authority, European Training Foundation (ETF), European Union Agency for Asylum, European Union Agency for Law Enforcement Cooperation, European Union Agency for the Cooperation of Energy Regulators, European Union Aviation Safety Agency, European Union Drugs Agency, F4E - Fusion for Energy Joint Undertaking, Innovative Health Initiative Joint Undertaking (IHI JU), SESAR3 Joint Undertaking, SNS JU - Smart Networks and Services Joint Undertaking, Single Resolution Board (SRB), Translation Centre for the Bodies of the European Union, Committee of the Regions of the European Union, European Economic and Social Committee, ESM - European Stability Mechanism",Open,,"EC-HR/2024/OP/0111-Lot 1","Contract Lot 12",LOT-0001,,"CLL Centres de Langues---ALLINGUA ASBL",," "," ",
598904-2025,"15/09/2025 (UTC+02)","Belgium, Luxembourg, France, Spain, Greece, Hungary, Slovakia, Portugal, Netherlands, Italy, Malta, Slovenia, Germany – Training services – Language training for the Institutions, Bodies and Agencies of the European Union","European Commission, DG HR - Human Resources and Security, Court of Justice of the European Union, EP - European Parliament, European Court of Auditors, European External Action Service (EEAS), OMBUDSMAN - European Ombudsman, The General Secretariat of the Council of the European Union, Agence Exécutive du Conseil Européen de la Recherche, European Education and Culture Executive Agency (EACEA), European Innovation Council and SMEs Executive Agency (EISMEA), European Research Executive Agency (REA), Health and Digital Executive Agency (HaDEA), AMLA - Authority for Anti-Money Laundering and Countering the Financing of Terrorism, Chips Joint Undertaking, Circular Bio-based Europe Joint Undertaking, Europe's Rail Joint Undertaking, European Agency for Safety and Health at Work (EU-OSHA), European Banking Authority, European Centre for the Development of Vocational Training, European Defence Agency, European Fisheries Control Agency (EFCA), European High-Performance Computing Joint Undertaking, European Institute of Innovation and Technology, European Labour Authority (ELA), European Maritime Safety Agency, European Medicines Agency, European Public Prosecutor’s Office, European Securities and Markets Authority, European Training Foundation (ETF), European Union Agency for Asylum, European Union Agency for Law Enforcement Cooperation, European Union Agency for the Cooperation of Energy Regulators, European Union Aviation Safety Agency, European Union Drugs Agency, F4E - Fusion for Energy Joint Undertaking, Innovative Health Initiative Joint Undertaking (IHI JU), SESAR3 Joint Undertaking, SNS JU - Smart Networks and Services Joint Undertaking, Single Resolution Board (SRB), Translation Centre for the Bodies of the European Union, Committee of the Regions of the European Union, European Economic and Social Committee, ESM - European Stability Mechanism",Open,,"EC-HR/2024/OP/0111-Lot 1","Contract Lot 12",LOT-0001,,"Language Services Direct EEOD---LANGUAGE SERVICES DIRECT LIMITED",," "," ",
598904-2025,"15/09/2025 (UTC+02)","Belgium, Luxembourg, France, Spain, Greece, Hungary, Slovakia, Portugal, Netherlands, Italy, Malta, Slovenia, Germany – Training services – Language training for the Institutions, Bodies and Agencies of the European Union","European Commission, DG HR - Human Resources and Security, Court of Justice of the European Union, EP - European Parliament, European Court of Auditors, European External Action Service (EEAS), OMBUDSMAN - European Ombudsman, The General Secretariat of the Council of the European Union, Agence Exécutive du Conseil Européen de la Recherche, European Education and Culture Executive Agency (EACEA), European Innovation Council and SMEs Executive Agency (EISMEA), European Research Executive Agency (REA), Health and Digital Executive Agency (HaDEA), AMLA - Authority for Anti-Money Laundering and Countering the Financing of Terrorism, Chips Joint Undertaking, Circular Bio-based Europe Joint Undertaking, Europe's Rail Joint Undertaking, European Agency for Safety and Health at Work (EU-OSHA), European Banking Authority, European Centre for the Development of Vocational Training, European Defence Agency, European Fisheries Control Agency (EFCA), European High-Performance Computing Joint Undertaking, European Institute of Innovation and Technology, European Labour Authority (ELA), European Maritime Safety Agency, European Medicines Agency, European Public Prosecutor’s Office, European Securities and Markets Authority, European Training Foundation (ETF), European Union Agency for Asylum, European Union Agency for Law Enforcement Cooperation, European Union Agency for the Cooperation of Energy Regulators, European Union Aviation Safety Agency, European Union Drugs Agency, F4E - Fusion for Energy Joint Undertaking, Innovative Health Initiative Joint Undertaking (IHI JU), SESAR3 Joint Undertaking, SNS JU - Smart Networks and Services Joint Undertaking, Single Resolution Board (SRB), Translation Centre for the Bodies of the European Union, Committee of the Regions of the European Union, European Economic and Social Committee, ESM - European Stability Mechanism",Open,,"EC-HR/2024/OP/0111-Lot 2","Contract Lot 12",LOT-0002,,"Language Services Direct EEOD---LANGUAGE SERVICES DIRECT LIMITED",," "," ",
598904-2025,"15/09/2025 (UTC+02)","Belgium, Luxembourg, France, Spain, Greece, Hungary, Slovakia, Portugal, Netherlands, Italy, Malta, Slovenia, Germany – Training services – Language training for the Institutions, Bodies and Agencies of the European Union","European Commission, DG HR - Human Resources and Security, Court of Justice of the European Union, EP - European Parliament, European Court of Auditors, European External Action Service (EEAS), OMBUDSMAN - European Ombudsman, The General Secretariat of the Council of the European Union, Agence Exécutive du Conseil Européen de la Recherche, European Education and Culture Executive Agency (EACEA), European Innovation Council and SMEs Executive Agency (EISMEA), European Research Executive Agency (REA), Health and Digital Executive Agency (HaDEA), AMLA - Authority for Anti-Money Laundering and Countering the Financing of Terrorism, Chips Joint Undertaking, Circular Bio-based Europe Joint Undertaking, Europe's Rail Joint Undertaking, European Agency for Safety and Health at Work (EU-OSHA), European Banking Authority, European Centre for the Development of Vocational Training, European Defence Agency, European Fisheries Control Agency (EFCA), European High-Performance Computing Joint Undertaking, European Institute of Innovation and Technology, European Labour Authority (ELA), European Maritime Safety Agency, European Medicines Agency, European Public Prosecutor’s Office, European Securities and Markets Authority, European Training Foundation (ETF), European Union Agency for Asylum, European Union Agency for Law Enforcement Cooperation, European Union Agency for the Cooperation of Energy Regulators, European Union Aviation Safety Agency, European Union Drugs Agency, F4E - Fusion for Energy Joint Undertaking, Innovative Health Initiative Joint Undertaking (IHI JU), SESAR3 Joint Undertaking, SNS JU - Smart Networks and Services Joint Undertaking, Single Resolution Board (SRB), Translation Centre for the Bodies of the European Union, Committee of the Regions of the European Union, European Economic and Social Committee, ESM - European Stability Mechanism",Open,,"EC-HR/2024/OP/0111-Lot 2","Contract Lot 12",LOT-0002,,"CLL Centres de Langues---ALLINGUA ASBL",," "," ",
598904-2025,"15/09/2025 (UTC+02)","Belgium, Luxembourg, France, Spain, Greece, Hungary, Slovakia, Portugal, Netherlands, Italy, Malta, Slovenia, Germany – Training services – Language training for the Institutions, Bodies and Agencies of the European Union","European Commission, DG HR - Human Resources and Security, Court of Justice of the European Union, EP - European Parliament, European Court of Auditors, European External Action Service (EEAS), OMBUDSMAN - European Ombudsman, The General Secretariat of the Council of the European Union, Agence Exécutive du Conseil Européen de la Recherche, European Education and Culture Executive Agency (EACEA), European Innovation Council and SMEs Executive Agency (EISMEA), European Research Executive Agency (REA), Health and Digital Executive Agency (HaDEA), AMLA - Authority for Anti-Money Laundering and Countering the Financing of Terrorism, Chips Joint Undertaking, Circular Bio-based Europe Joint Undertaking, Europe's Rail Joint Undertaking, European Agency for Safety and Health at Work (EU-OSHA), European Banking Authority, European Centre for the Development of Vocational Training, European Defence Agency, European Fisheries Control Agency (EFCA), European High-Performance Computing Joint Undertaking, European Institute of Innovation and Technology, European Labour Authority (ELA), European Maritime Safety Agency, European Medicines Agency, European Public Prosecutor’s Office, European Securities and Markets Authority, European Training Foundation (ETF), European Union Agency for Asylum, European Union Agency for Law Enforcement Cooperation, European Union Agency for the Cooperation of Energy Regulators, European Union Aviation Safety Agency, European Union Drugs Agency, F4E - Fusion for Energy Joint Undertaking, Innovative Health Initiative Joint Undertaking (IHI JU), SESAR3 Joint Undertaking, SNS JU - Smart Networks and Services Joint Undertaking, Single Resolution Board (SRB), Translation Centre for the Bodies of the European Union, Committee of the Regions of the European Union, European Economic and Social Committee, ESM - European Stability Mechanism",Open,,"EC-HR/2024/OP/0111-Lot 3","Contract Lot 12",LOT-0003,,"Language Services Direct EEOD---LANGUAGE SERVICES DIRECT LIMITED",," "," ",
598904-2025,"15/09/2025 (UTC+02)","Belgium, Luxembourg, France, Spain, Greece, Hungary, Slovakia, Portugal, Netherlands, Italy, Malta, Slovenia, Germany – Training services – Language training for the Institutions, Bodies and Agencies of the European Union","European Commission, DG HR - Human Resources and Security, Court of Justice of the European Union, EP - European Parliament, European Court of Auditors, European External Action Service (EEAS), OMBUDSMAN - European Ombudsman, The General Secretariat of the Council of the European Union, Agence Exécutive du Conseil Européen de la Recherche, European Education and Culture Executive Agency (EACEA), European Innovation Council and SMEs Executive Agency (EISMEA), European Research Executive Agency (REA), Health and Digital Executive Agency (HaDEA), AMLA - Authority for Anti-Money Laundering and Countering the Financing of Terrorism, Chips Joint Undertaking, Circular Bio-based Europe Joint Undertaking, Europe's Rail Joint Undertaking, European Agency for Safety and Health at Work (EU-OSHA), European Banking Authority, European Centre for the Development of Vocational Training, European Defence Agency, European Fisheries Control Agency (EFCA), European High-Performance Computing Joint Undertaking, European Institute of Innovation and Technology, European Labour Authority (ELA), European Maritime Safety Agency, European Medicines Agency, European Public Prosecutor’s Office, European Securities and Markets Authority, European Training Foundation (ETF), European Union Agency for Asylum, European Union Agency for Law Enforcement Cooperation, European Union Agency for the Cooperation of Energy Regulators, European Union Aviation Safety Agency, European Union Drugs Agency, F4E - Fusion for Energy Joint Undertaking, Innovative Health Initiative Joint Undertaking (IHI JU), SESAR3 Joint Undertaking, SNS JU - Smart Networks and Services Joint Undertaking, Single Resolution Board (SRB), Translation Centre for the Bodies of the European Union, Committee of the Regions of the European Union, European Economic and Social Committee, ESM - European Stability Mechanism",Open,,"EC-HR/2024/OP/0111-Lot 3","Contract Lot 12",LOT-0003,,"INSTITUTO CERVANTES",," "," ",
598904-2025,"15/09/2025 (UTC+02)","Belgium, Luxembourg, France, Spain, Greece, Hungary, Slovakia, Portugal, Netherlands, Italy, Malta, Slovenia, Germany – Training services – Language training for the Institutions, Bodies and Agencies of the European Union","European Commission, DG HR - Human Resources and Security, Court of Justice of the European Union, EP - European Parliament, European Court of Auditors, European External Action Service (EEAS), OMBUDSMAN - European Ombudsman, The General Secretariat of the Council of the European Union, Agence Exécutive du Conseil Européen de la Recherche, European Education and Culture Executive Agency (EACEA), European Innovation Council and SMEs Executive Agency (EISMEA), European Research Executive Agency (REA), Health and Digital Executive Agency (HaDEA), AMLA - Authority for Anti-Money Laundering and Countering the Financing of Terrorism, Chips Joint Undertaking, Circular Bio-based Europe Joint Undertaking, Europe's Rail Joint Undertaking, European Agency for Safety and Health at Work (EU-OSHA), European Banking Authority, European Centre for the Development of Vocational Training, European Defence Agency, European Fisheries Control Agency (EFCA), European High-Performance Computing Joint Undertaking, European Institute of Innovation and Technology, European Labour Authority (ELA), European Maritime Safety Agency, European Medicines Agency, European Public Prosecutor’s Office, European Securities and Markets Authority, European Training Foundation (ETF), European Union Agency for Asylum, European Union Agency for Law Enforcement Cooperation, European Union Agency for the Cooperation of Energy Regulators, European Union Aviation Safety Agency, European Union Drugs Agency, F4E - Fusion for Energy Joint Undertaking, Innovative Health Initiative Joint Undertaking (IHI JU), SESAR3 Joint Undertaking, SNS JU - Smart Networks and Services Joint Undertaking, Single Resolution Board (SRB), Translation Centre for the Bodies of the European Union, Committee of the Regions of the European Union, European Economic and Social Committee, ESM - European Stability Mechanism",Open,,"EC-HR/2024/OP/0111-Lot 4","Contract Lot 12",LOT-0004,,"CLL Centres de Langues---ALLINGUA ASBL",," "," ",
598904-2025,"15/09/2025 (UTC+02)","Belgium, Luxembourg, France, Spain, Greece, Hungary, Slovakia, Portugal, Netherlands, Italy, Malta, Slovenia, Germany – Training services – Language training for the Institutions, Bodies and Agencies of the European Union","European Commission, DG HR - Human Resources and Security, Court of Justice of the European Union, EP - European Parliament, European Court of Auditors, European External Action Service (EEAS), OMBUDSMAN - European Ombudsman, The General Secretariat of the Council of the European Union, Agence Exécutive du Conseil Européen de la Recherche, European Education and Culture Executive Agency (EACEA), European Innovation Council and SMEs Executive Agency (EISMEA), European Research Executive Agency (REA), Health and Digital Executive Agency (HaDEA), AMLA - Authority for Anti-Money Laundering and Countering the Financing of Terrorism, Chips Joint Undertaking, Circular Bio-based Europe Joint Undertaking, Europe's Rail Joint Undertaking, European Agency for Safety and Health at Work (EU-OSHA), European Banking Authority, European Centre for the Development of Vocational Training, European Defence Agency, European Fisheries Control Agency (EFCA), European High-Performance Computing Joint Undertaking, European Institute of Innovation and Technology, European Labour Authority (ELA), European Maritime Safety Agency, European Medicines Agency, European Public Prosecutor’s Office, European Securities and Markets Authority, European Training Foundation (ETF), European Union Agency for Asylum, European Union Agency for Law Enforcement Cooperation, European Union Agency for the Cooperation of Energy Regulators, European Union Aviation Safety Agency, European Union Drugs Agency, F4E - Fusion for Energy Joint Undertaking, Innovative Health Initiative Joint Undertaking (IHI JU), SESAR3 Joint Undertaking, SNS JU - Smart Networks and Services Joint Undertaking, Single Resolution Board (SRB), Translation Centre for the Bodies of the European Union, Committee of the Regions of the European Union, European Economic and Social Committee, ESM - European Stability Mechanism",Open,,"EC-HR/2024/OP/0111-Lot 4","Contract Lot 12",LOT-0004,,"Language Services Direct EEOD---LANGUAGE SERVICES DIRECT LIMITED",," "," ",
598904-2025,"15/09/2025 (UTC+02)","Belgium, Luxembourg, France, Spain, Greece, Hungary, Slovakia, Portugal, Netherlands, Italy, Malta, Slovenia, Germany – Training services – Language training for the Institutions, Bodies and Agencies of the European Union","European Commission, DG HR - Human Resources and Security, Court of Justice of the European Union, EP - European Parliament, European Court of Auditors, European External Action Service (EEAS), OMBUDSMAN - European Ombudsman, The General Secretariat of the Council of the European Union, Agence Exécutive du Conseil Européen de la Recherche, European Education and Culture Executive Agency (EACEA), European Innovation Council and SMEs Executive Agency (EISMEA), European Research Executive Agency (REA), Health and Digital Executive Agency (HaDEA), AMLA - Authority for Anti-Money Laundering and Countering the Financing of Terrorism, Chips Joint Undertaking, Circular Bio-based Europe Joint Undertaking, Europe's Rail Joint Undertaking, European Agency for Safety and Health at Work (EU-OSHA), European Banking Authority, European Centre for the Development of Vocational Training, European Defence Agency, European Fisheries Control Agency (EFCA), European High-Performance Computing Joint Undertaking, European Institute of Innovation and Technology, European Labour Authority (ELA), European Maritime Safety Agency, European Medicines Agency, European Public Prosecutor’s Office, European Securities and Markets Authority, European Training Foundation (ETF), European Union Agency for Asylum, European Union Agency for Law Enforcement Cooperation, European Union Agency for the Cooperation of Energy Regulators, European Union Aviation Safety Agency, European Union Drugs Agency, F4E - Fusion for Energy Joint Undertaking, Innovative Health Initiative Joint Undertaking (IHI JU), SESAR3 Joint Undertaking, SNS JU - Smart Networks and Services Joint Undertaking, Single Resolution Board (SRB), Translation Centre for the Bodies of the European Union, Committee of the Regions of the European Union, European Economic and Social Committee, ESM - European Stability Mechanism",Open,,"EC-HR/2024/OP/0111-Lot 5","Contract Lot 12",LOT-0005,,"CLL Centres de Langues---ALLINGUA ASBL",," "," ",
598904-2025,"15/09/2025 (UTC+02)","Belgium, Luxembourg, France, Spain, Greece, Hungary, Slovakia, Portugal, Netherlands, Italy, Malta, Slovenia, Germany – Training services – Language training for the Institutions, Bodies and Agencies of the European Union","European Commission, DG HR - Human Resources and Security, Court of Justice of the European Union, EP - European Parliament, European Court of Auditors, European External Action Service (EEAS), OMBUDSMAN - European Ombudsman, The General Secretariat of the Council of the European Union, Agence Exécutive du Conseil Européen de la Recherche, European Education and Culture Executive Agency (EACEA), European Innovation Council and SMEs Executive Agency (EISMEA), European Research Executive Agency (REA), Health and Digital Executive Agency (HaDEA), AMLA - Authority for Anti-Money Laundering and Countering the Financing of Terrorism, Chips Joint Undertaking, Circular Bio-based Europe Joint Undertaking, Europe's Rail Joint Undertaking, European Agency for Safety and Health at Work (EU-OSHA), European Banking Authority, European Centre for the Development of Vocational Training, European Defence Agency, European Fisheries Control Agency (EFCA), European High-Performance Computing Joint Undertaking, European Institute of Innovation and Technology, European Labour Authority (ELA), European Maritime Safety Agency, European Medicines Agency, European Public Prosecutor’s Office, European Securities and Markets Authority, European Training Foundation (ETF), European Union Agency for Asylum, European Union Agency for Law Enforcement Cooperation, European Union Agency for the Cooperation of Energy Regulators, European Union Aviation Safety Agency, European Union Drugs Agency, F4E - Fusion for Energy Joint Undertaking, Innovative Health Initiative Joint Undertaking (IHI JU), SESAR3 Joint Undertaking, SNS JU - Smart Networks and Services Joint Undertaking, Single Resolution Board (SRB), Translation Centre for the Bodies of the European Union, Committee of the Regions of the European Union, European Economic and Social Committee, ESM - European Stability Mechanism",Open,,"EC-HR/2024/OP/0111-Lot 5","Contract Lot 12",LOT-0005,,"Language Services Direct EEOD---LANGUAGE SERVICES DIRECT LIMITED",," "," ",
598904-2025,"15/09/2025 (UTC+02)","Belgium, Luxembourg, France, Spain, Greece, Hungary, Slovakia, Portugal, Netherlands, Italy, Malta, Slovenia, Germany – Training services – Language training for the Institutions, Bodies and Agencies of the European Union","European Commission, DG HR - Human Resources and Security, Court of Justice of the European Union, EP - European Parliament, European Court of Auditors, European External Action Service (EEAS), OMBUDSMAN - European Ombudsman, The General Secretariat of the Council of the European Union, Agence Exécutive du Conseil Européen de la Recherche, European Education and Culture Executive Agency (EACEA), European Innovation Council and SMEs Executive Agency (EISMEA), European Research Executive Agency (REA), Health and Digital Executive Agency (HaDEA), AMLA - Authority for Anti-Money Laundering and Countering the Financing of Terrorism, Chips Joint Undertaking, Circular Bio-based Europe Joint Undertaking, Europe's Rail Joint Undertaking, European Agency for Safety and Health at Work (EU-OSHA), European Banking Authority, European Centre for the Development of Vocational Training, European Defence Agency, European Fisheries Control Agency (EFCA), European High-Performance Computing Joint Undertaking, European Institute of Innovation and Technology, European Labour Authority (ELA), European Maritime Safety Agency, European Medicines Agency, European Public Prosecutor’s Office, European Securities and Markets Authority, European Training Foundation (ETF), European Union Agency for Asylum, European Union Agency for Law Enforcement Cooperation, European Union Agency for the Cooperation of Energy Regulators, European Union Aviation Safety Agency, European Union Drugs Agency, F4E - Fusion for Energy Joint Undertaking, Innovative Health Initiative Joint Undertaking (IHI JU), SESAR3 Joint Undertaking, SNS JU - Smart Networks and Services Joint Undertaking, Single Resolution Board (SRB), Translation Centre for the Bodies of the European Union, Committee of the Regions of the European Union, European Economic and Social Committee, ESM - European Stability Mechanism",Open,,"EC-HR/2024/OP/0111-Lot 7","Contract Lot 12",LOT-0007,,"Language Services Direct EEOD---LANGUAGE SERVICES DIRECT LIMITED",," "," ",
598904-2025,"15/09/2025 (UTC+02)","Belgium, Luxembourg, France, Spain, Greece, Hungary, Slovakia, Portugal, Netherlands, Italy, Malta, Slovenia, Germany – Training services – Language training for the Institutions, Bodies and Agencies of the European Union","European Commission, DG HR - Human Resources and Security, Court of Justice of the European Union, EP - European Parliament, European Court of Auditors, European External Action Service (EEAS), OMBUDSMAN - European Ombudsman, The General Secretariat of the Council of the European Union, Agence Exécutive du Conseil Européen de la Recherche, European Education and Culture Executive Agency (EACEA), European Innovation Council and SMEs Executive Agency (EISMEA), European Research Executive Agency (REA), Health and Digital Executive Agency (HaDEA), AMLA - Authority for Anti-Money Laundering and Countering the Financing of Terrorism, Chips Joint Undertaking, Circular Bio-based Europe Joint Undertaking, Europe's Rail Joint Undertaking, European Agency for Safety and Health at Work (EU-OSHA), European Banking Authority, European Centre for the Development of Vocational Training, European Defence Agency, European Fisheries Control Agency (EFCA), European High-Performance Computing Joint Undertaking, European Institute of Innovation and Technology, European Labour Authority (ELA), European Maritime Safety Agency, European Medicines Agency, European Public Prosecutor’s Office, European Securities and Markets Authority, European Training Foundation (ETF), European Union Agency for Asylum, European Union Agency for Law Enforcement Cooperation, European Union Agency for the Cooperation of Energy Regulators, European Union Aviation Safety Agency, European Union Drugs Agency, F4E - Fusion for Energy Joint Undertaking, Innovative Health Initiative Joint Undertaking (IHI JU), SESAR3 Joint Undertaking, SNS JU - Smart Networks and Services Joint Undertaking, Single Resolution Board (SRB), Translation Centre for the Bodies of the European Union, Committee of the Regions of the European Union, European Economic and Social Committee, ESM - European Stability Mechanism",Open,,"EC-HR/2024/OP/0111-Lot 7","Contract Lot 12",LOT-0007,,"CLL Centres de Langues---ALLINGUA ASBL",," "," ",
598904-2025,"15/09/2025 (UTC+02)","Belgium, Luxembourg, France, Spain, Greece, Hungary, Slovakia, Portugal, Netherlands, Italy, Malta, Slovenia, Germany – Training services – Language training for the Institutions, Bodies and Agencies of the European Union","European Commission, DG HR - Human Resources and Security, Court of Justice of the European Union, EP - European Parliament, European Court of Auditors, European External Action Service (EEAS), OMBUDSMAN - European Ombudsman, The General Secretariat of the Council of the European Union, Agence Exécutive du Conseil Européen de la Recherche, European Education and Culture Executive Agency (EACEA), European Innovation Council and SMEs Executive Agency (EISMEA), European Research Executive Agency (REA), Health and Digital Executive Agency (HaDEA), AMLA - Authority for Anti-Money Laundering and Countering the Financing of Terrorism, Chips Joint Undertaking, Circular Bio-based Europe Joint Undertaking, Europe's Rail Joint Undertaking, European Agency for Safety and Health at Work (EU-OSHA), European Banking Authority, European Centre for the Development of Vocational Training, European Defence Agency, European Fisheries Control Agency (EFCA), European High-Performance Computing Joint Undertaking, European Institute of Innovation and Technology, European Labour Authority (ELA), European Maritime Safety Agency, European Medicines Agency, European Public Prosecutor’s Office, European Securities and Markets Authority, European Training Foundation (ETF), European Union Agency for Asylum, European Union Agency for Law Enforcement Cooperation, European Union Agency for the Cooperation of Energy Regulators, European Union Aviation Safety Agency, European Union Drugs Agency, F4E - Fusion for Energy Joint Undertaking, Innovative Health Initiative Joint Undertaking (IHI JU), SESAR3 Joint Undertaking, SNS JU - Smart Networks and Services Joint Undertaking, Single Resolution Board (SRB), Translation Centre for the Bodies of the European Union, Committee of the Regions of the European Union, European Economic and Social Committee, ESM - European Stability Mechanism",Open,,"EC-HR/2024/OP/0111-Lot 8","Contract Lot 12",LOT-0008,,"Language Services Direct EEOD---LANGUAGE SERVICES DIRECT LIMITED",," "," ",
598904-2025,"15/09/2025 (UTC+02)","Belgium, Luxembourg, France, Spain, Greece, Hungary, Slovakia, Portugal, Netherlands, Italy, Malta, Slovenia, Germany – Training services – Language training for the Institutions, Bodies and Agencies of the European Union","European Commission, DG HR - Human Resources and Security, Court of Justice of the European Union, EP - European Parliament, European Court of Auditors, European External Action Service (EEAS), OMBUDSMAN - European Ombudsman, The General Secretariat of the Council of the European Union, Agence Exécutive du Conseil Européen de la Recherche, European Education and Culture Executive Agency (EACEA), European Innovation Council and SMEs Executive Agency (EISMEA), European Research Executive Agency (REA), Health and Digital Executive Agency (HaDEA), AMLA - Authority for Anti-Money Laundering and Countering the Financing of Terrorism, Chips Joint Undertaking, Circular Bio-based Europe Joint Undertaking, Europe's Rail Joint Undertaking, European Agency for Safety and Health at Work (EU-OSHA), European Banking Authority, European Centre for the Development of Vocational Training, European Defence Agency, European Fisheries Control Agency (EFCA), European High-Performance Computing Joint Undertaking, European Institute of Innovation and Technology, European Labour Authority (ELA), European Maritime Safety Agency, European Medicines Agency, European Public Prosecutor’s Office, European Securities and Markets Authority, European Training Foundation (ETF), European Union Agency for Asylum, European Union Agency for Law Enforcement Cooperation, European Union Agency for the Cooperation of Energy Regulators, European Union Aviation Safety Agency, European Union Drugs Agency, F4E - Fusion for Energy Joint Undertaking, Innovative Health Initiative Joint Undertaking (IHI JU), SESAR3 Joint Undertaking, SNS JU - Smart Networks and Services Joint Undertaking, Single Resolution Board (SRB), Translation Centre for the Bodies of the European Union, Committee of the Regions of the European Union, European Economic and Social Committee, ESM - European Stability Mechanism",Open,,"EC-HR/2024/OP/0111-Lot 8","Contract Lot 12",LOT-0008,,"CLL Centres de Langues---ALLINGUA ASBL",," "," ",
600055-2025,"15/09/2025 (UTC+02)","Netherlands – Repair and maintenance services – NL-Petten: The maintenance of the roofs of the buildings of JRC Petten including related installations","European Commission, DG JRC - Joint Research Centre",Open,,CCR.499,,LOT-0001,,"SCHADENBERG DAKWERKEN BV",," "," ",
601228-2025,"15/09/2025 (UTC+02)","Italy – Hire of passenger transport vehicles with driver – PROCEDURA APERTA PER L’APPALTO DEL SERVIZIO DI TRASPORTO SCOLASTICO ANNI SCOLASTICI 2025/2026, 2026/2027, 2027/2028","COMUNE DI VINOVO",Open,,01504430016-26/06/2025,,LOT-0001,,"A.A.T. Azienda Autonoleggio Torino Consorzio Stabile Soc. Cooperativa","2,89",,,EUR
603164-2025,"16/09/2025 (UTC+02)","Belgium – Construction consultancy services – Technical secretariat for the High Level Construction Forum","European Commission, DG GROW - Internal Market, Industry, Entrepreneurship and SMEs",Open,,300134309,,LOT-0001,,"ECORYS EUROPE EEIG - GEIE","383 840,00",,,EUR
607656-2025,"17/09/2025 (UTC+02)","Germany – Surveillance system – Durchführung von Hard – Software Upgrade GVMS Siemens Topsis im JRC Karlsruhe","Europäische Kommission, Gemeinsame Forschungsstelle (JRC)","Negotiated without prior call for competition",,300117989,,LOT-0001,,"Siemens AG","273 902,98",,,EUR
608380-2025,"17/09/2025 (UTC+02)","Belgium – IT services: consulting, software development, Internet and support – Competition PROSERV-0008-Digital Transformation and Public Procurement Expert","European Commission, DG DIGIT - Digital Services","Other multiple stage procedure",,,,LOT-0001,,"Not Awarded",," "," ",
608968-2025,"18/09/2025 (UTC+02)","Bosnia and Herzegovina, Belgium – Cleaning services – Cleaning and ancillary services for the Delegation of the European Union to Bosnia and Herzegovina and the European Union Special Representative in Bosnia and Herzegovina","European External Action Service (EEAS), European Commission, FPI - Service for Foreign Policy Instruments",Restricted,,"EEAS/DELBIHS/2024/RP/0265-2025",,LOT-0001,,"Majordomo d.o.o.",," "," ",
609222-2025,"18/09/2025 (UTC+02)","France – Advertising and marketing services – CAMPAGNE D’INFLUENCE SUR LES RESEAUX SOCIAUX","Commission européenne, DG COMM - Communication",Open,,"Influencers - COMM-PAR-2024-OP-0663",,LOT-0001,,"BEINFLUENCE FRANCE",," "," ",
613233-2025,"19/09/2025 (UTC+02)","Belgium – Training seminars – Trade and Private sector development Facility III","European Commission, INTPA - International Partnerships",Restricted,,"NDICI CHALLENGE/2025/486-987",,LOT-0001,,"DAI GLOBAL BELGIUM---DAI GLOBAL AUSTRIA GMBH & CO KG---DEUTSCHE GESELLSCHAFT FUR INTERNATIONALE ZUSAMMENARBEIT (GIZ) GMBH","9 994 500,00",,,EUR
615583-2025,"19/09/2025 (UTC+02)","Belgium – Research and experimental development services – Evolution of Galileo SAR-RLS beacons for maritime environment","European Commission, DG DEFIS - Defence Industry and Space",Open,,,,LOT-0001,,"Not Awarded",," "," ",
619070-2025,"22/09/2025 (UTC+02)","Belgium – IT services: consulting, software development, Internet and support – COMPETITION PROSERV-0017-DIGIT C1 Cloud Policy, Procurement and Adoption Strategist","European Commission, DG DIGIT - Digital Services","Other multiple stage procedure",,T166433,,LOT-0001,,"ARHS DEVELOPMENTS SA","1 778,00",,,EUR
620089-2025,"23/09/2025 (UTC+02)","Germany – Security services – Durchführung von Objektsicherungsaufgaben im JRC Karlsruhe","Europäische Kommission, Gemeinsame Forschungsstelle (JRC)",Restricted,,"300128320-2025-09 KAR DE",,LOT-0001,,"OSD SCHAFER GMBH & CO KG","3 007 473,50",,,EUR
622382-2025,"23/09/2025 (UTC+02)","Belgium – Provision of services to the community – Operation of the Europe Direct Contact Centre","European Commission, DG COMM - Communication",Open,,EC-COMM/2024/OP/0830,,LOT-0001,,"EUROPEAN SERVICE NETWORK SA---CONECTYS SERV TELECOM SRL",," "," ",
623211-2025,"24/09/2025 (UTC+02)","Belgium – Electricity, heating, solar and nuclear energy – Fourniture d'énergie électrique verte haute tension et basse tension pour les bâtiments de la Commission européenne (Lot A) et du Parlement européen (Lot B) situés en Région de Bruxelles-Capitale et en Région flamande","European Parliament, INLO - Directorate-General for Infrastructure and Logistics, Commission européenne, OIB - Office for Infrastructure and Logistics in Brussels",Open,,"CNT(2025)136",,LOT-0002,,Luminus,"11 392 804,45",,,EUR
625564-2025,"24/09/2025 (UTC+02)","Italy – Refuse recycling services – Sale of metal waste produced at JRC, Ispra Site (VA) and on its premises","Commissione europea, Centro comune di ricerca (JRC)",Open,,CCR.490,,LOT-0001,,"Metalferro srl",," "," ",
625564-2025,"24/09/2025 (UTC+02)","Italy – Refuse recycling services – Sale of metal waste produced at JRC, Ispra Site (VA) and on its premises","Commissione europea, Centro comune di ricerca (JRC)",Open,,CCR.489,"Sale of metal waste produced at JRC, Ispra Site (VA) and on its premises",LOT-0001,,"Rottami metalli Italia s.r.l.",," "," ",
626898-2025,"25/09/2025 (UTC+02)","Ethiopia – Research and development services and related consultancy services – Technical Assistance for enhancing economic transformation in conflict and migration prone regions of Ethiopia","European Commission, INTPA - International Partnerships",Restricted,,"Ares(2025)6092202",,LOT-0001,,"DAI GLOBAL BELGIUM---Danish Refugee Council","3 497 500,00",,,EUR
627092-2025,"25/09/2025 (UTC+02)","Belgium – Research and development services and related consultancy services – Measures to support the implementation of the EU Chips Act Pillar III","European Commission, DG CNECT - Communications Networks, Content and Technology",Open,,300129432,,LOT-0001,,"DECISION SARL---YOLE DEVELOPPEMENT SA","1 497 500,00",,,EUR
632120-2025,"26/09/2025 (UTC+02)","Italy – Resins – Supply of resins and accessories for the Laboratory for Radioactivity Measurements.","European Commission, DG JRC - Joint Research Centre","Negotiated without prior call for competition",,XXX,,LOT-0001,,"TrisKem International SAS",," "," ",
635205-2025,"29/09/2025 (UTC+02)","Belgium – Nuclear safety services – Strengthening Egyptian nuclear safety and radioprotection regulatory infrastructure","European Commission, INTPA - International Partnerships",Restricted,,INSC/2025/487-219,,LOT-0001,,"NTU INTERNATIONAL AS---STUDIECENTRUM VOOR KERNENERGIE / CENTRE D'ETUDE DE L'ENERGIE NUCLEAIRE---NINE NUCLEAR AND INDUSTRIAL ENGINEERING SRL","2 158 000,00",,,EUR
637639-2025,"30/09/2025 (UTC+02)","Belgium – Research and development services and related consultancy services – Technical support (including on ‘evaluations’) to manage the Support Measures (Technical Assistance Component) for the Multiannual Indicative Programme for Sub-Saharan Africa (SSA MIP)","European Commission, INTPA - International Partnerships",Restricted,,"NDICI AFRICA/2025/487-252",,LOT-0001,,"NIRAS AS---PARTICIP GMBH","14 845 200,00",,,EUR
640445-2025,"01/10/2025 (UTC+02)","Italy – Electric vehicles – Fornitura di n. 6 veicoli, di cui tre (3) veicoli elettrici N1 e tre (3) veicoli ibridi (2 Lotti).","Commissione europea, Centro comune di ricerca (JRC)",Open,,,,LOT-0002,,"Not Awarded",," "," ",
642898-2025,"01/10/2025 (UTC+02)","Italy – Electric vehicles – Fornitura di n. 6 veicoli, di cui tre (3) veicoli elettrici N1 e tre (3) veicoli ibridi (2 Lotti).","Commissione europea, Centro comune di ricerca (JRC)",Open,,801003160,,LOT-0001,,"Borgo Agnello spa","83 550,00",,,EUR
645447-2025,"02/10/2025 (UTC+02)","Montenegro – Digital cadastral maps – Supply of Aerial Images, Digital Ortho-photo maps and Digital Terrain Model, vehicles and on-the-spot control equipment for the IPARD Agency in Montenegro","European Commission, ENEST - Enlargement and Eastern Neighbourhood",Open,,,,LOT-0002,,"Not Awarded",," "," ",
645607-2025,"02/10/2025 (UTC+02)","Montenegro – Digital cadastral maps – Supply of Aerial Images, Digital Ortho-photo maps and Digital Terrain Model, vehicles and on-the-spot control equipment for the IPARD Agency in Montenegro","European Commission, ENEST - Enlargement and Eastern Neighbourhood",Open,,487-096,,LOT-0001,,"MGGP AERO SPOLKA Z OGRANICZONA ODPOWIEDZIALNOSCIA","197 000,00",,,EUR
646646-2025,"02/10/2025 (UTC+02)","Montenegro – Digital cadastral maps – Supply of Aerial Images, Digital Ortho-photo maps and Digital Terrain Model, vehicles and on-the-spot control equipment for the IPARD Agency in Montenegro","European Commission, ENEST - Enlargement and Eastern Neighbourhood",Open,,487-168,,LOT-0003,,"Coreit doo Podgorica","300 200,43",,,EUR
647020-2025,"03/10/2025 (UTC+02)","Belgium – IT services: consulting, software development, Internet and support – Archibus Development, Maintenance, Migration and Consulting Services","European Commission, OIB - Office for Infrastructure and Logistics in Brussels",Open,"no, no",EC-OIB/2024/OP/0078/L1,,LOT-0001,,"Aremis Belgium SA",," "," ",
647020-2025,"03/10/2025 (UTC+02)","Belgium – IT services: consulting, software development, Internet and support – Archibus Development, Maintenance, Migration and Consulting Services","European Commission, OIB - Office for Infrastructure and Logistics in Brussels",Open,"no, no",EC-OIB/2024/OP/0078/L1,,LOT-0001,,"ABTIO EMEA SL",," "," ",
647020-2025,"03/10/2025 (UTC+02)","Belgium – IT services: consulting, software development, Internet and support – Archibus Development, Maintenance, Migration and Consulting Services","European Commission, OIB - Office for Infrastructure and Logistics in Brussels",Open,"no, no",EC-OIB/2024/OP/0078/L1,,LOT-0001,,"Archibus Solution Centers Germany Saarbrücken GmbH---EFM SpA",," "," ",
647020-2025,"03/10/2025 (UTC+02)","Belgium – IT services: consulting, software development, Internet and support – Archibus Development, Maintenance, Migration and Consulting Services","European Commission, OIB - Office for Infrastructure and Logistics in Brussels",Open,"no, no",EC-OIB/2024/OP/0078/L1,,LOT-0001,,"Procos BV",," "," ",
647020-2025,"03/10/2025 (UTC+02)","Belgium – IT services: consulting, software development, Internet and support – Archibus Development, Maintenance, Migration and Consulting Services","European Commission, OIB - Office for Infrastructure and Logistics in Brussels",Open,"no, no",EC-OIB/2024/OP/0078/L2,,LOT-0002,,"Aremis Belgium SA",," "," ",
650930-2025,"06/10/2025 (UTC+02)","Italy – Repair and maintenance services – VELA Preventive and Corrective Maintenance 2026-2030","European Commission, DG JRC - Joint Research Centre",Open,,,,LOT-0003,,"Not Awarded",," "," ",
652841-2025,"06/10/2025 (UTC+02)","Belgium – Research and development consultancy services – Administrative management of the Human Resources HR Excellence in Research process","European Commission, DG RTD - Research and Innovation",Open,,FW-00181851,,LOT-0001,,"PPMI Group---NETCOMPANY-INTRASOFT SA",," "," ",
653382-2025,"06/10/2025 (UTC+02)","Czechia, Belgium – Other services – EUSPA-OP-29-24 Integrated Communication Services","European Union Agency for the Space Programme, European Commission, DG DEFIS - Defence Industry and Space",Open,,,,LOT-0001,,"Not Awarded",," "," ",
655215-2025,"07/10/2025 (UTC+02)","Belgium – Technical assistance services – Assistance Technique pour la coordination des deux actions de la mesure individuelle pour l’Afrique de l’Ouest-2025 : Action 1 « Mieux gérer les migrations en Afrique de l'Ouest » et Action 2 “Libérer le potentiel de la jeunesse en Afrique","Commission européenne, INTPA - International Partnerships",Restricted,,,,LOT-0001,,"Not Awarded",," "," ",
656899-2025,"07/10/2025 (UTC+02)","Netherlands, Belgium – Computer equipment and supplies – Miscellaneous IT equipment","European Union Agency for Law Enforcement Cooperation, European Commission, DG JRC - Joint Research Centre",Open,,1491338,,LOT-0001,,"ARICOMA SYSTEMS AS---ARICOMA SYSTEMS",," "," ",
664044-2025,"09/10/2025 (UTC+02)","Belgium – Security, fire-fighting, police and defence equipment – Framework Contract (5 lots) for the supply of medical facilities, vehicles and individual equipment for partner armed forces supported by the European Peace Facility","European Commission, FPI - Service for Foreign Policy Instruments",Open,,"LOT 1-EPF/2025/60-UTILIS",,LOT-0001,,"UTILIS SAS",," "," ",
664044-2025,"09/10/2025 (UTC+02)","Belgium – Security, fire-fighting, police and defence equipment – Framework Contract (5 lots) for the supply of medical facilities, vehicles and individual equipment for partner armed forces supported by the European Peace Facility","European Commission, FPI - Service for Foreign Policy Instruments",Open,,"LOT 1 EPF/2025/60 FINCANTIERI SPA",,LOT-0001,,"FINCANTIERI INFRASTRUTTURE SOCIALI S.P.A.",," "," ",
664044-2025,"09/10/2025 (UTC+02)","Belgium – Security, fire-fighting, police and defence equipment – Framework Contract (5 lots) for the supply of medical facilities, vehicles and individual equipment for partner armed forces supported by the European Peace Facility","European Commission, FPI - Service for Foreign Policy Instruments",Open,,"LOT 1 EPF/2025/60 EQUIPOS MOVILES",,LOT-0001,,"EQUIPOS MOVILES DE CAMPANA ARPA SA",," "," ",
664044-2025,"09/10/2025 (UTC+02)","Belgium – Security, fire-fighting, police and defence equipment – Framework Contract (5 lots) for the supply of medical facilities, vehicles and individual equipment for partner armed forces supported by the European Peace Facility","European Commission, FPI - Service for Foreign Policy Instruments",Open,,"LOT 1 EPF/2025/60 ONEMED SVERIGE",,LOT-0001,,"ONEMED SVERIGE AB",," "," ",
664044-2025,"09/10/2025 (UTC+02)","Belgium – Security, fire-fighting, police and defence equipment – Framework Contract (5 lots) for the supply of medical facilities, vehicles and individual equipment for partner armed forces supported by the European Peace Facility","European Commission, FPI - Service for Foreign Policy Instruments",Open,,"LOT 3 - EPF/2025/61 - EDA",,LOT-0003,,"ECONOMAT DES ARMEES",," "," ",
664044-2025,"09/10/2025 (UTC+02)","Belgium – Security, fire-fighting, police and defence equipment – Framework Contract (5 lots) for the supply of medical facilities, vehicles and individual equipment for partner armed forces supported by the European Peace Facility","European Commission, FPI - Service for Foreign Policy Instruments",Open,,"LOT 3 - EPF/2025/61 - SEYNTEX",,LOT-0003,,"SEYNTEX NV",," "," ",
664044-2025,"09/10/2025 (UTC+02)","Belgium – Security, fire-fighting, police and defence equipment – Framework Contract (5 lots) for the supply of medical facilities, vehicles and individual equipment for partner armed forces supported by the European Peace Facility","European Commission, FPI - Service for Foreign Policy Instruments",Open,,"LOT 3 - EPF/2025/61 - MARCK ET BALSAN",,LOT-0003,,"MARCK ET BALSAN",," "," ",
664044-2025,"09/10/2025 (UTC+02)","Belgium – Security, fire-fighting, police and defence equipment – Framework Contract (5 lots) for the supply of medical facilities, vehicles and individual equipment for partner armed forces supported by the European Peace Facility","European Commission, FPI - Service for Foreign Policy Instruments",Open,,"LOT 4 - EPF/2025/59 - EDA",,LOT-0004,,"ECONOMAT DES ARMEES",," "," ",
664044-2025,"09/10/2025 (UTC+02)","Belgium – Security, fire-fighting, police and defence equipment – Framework Contract (5 lots) for the supply of medical facilities, vehicles and individual equipment for partner armed forces supported by the European Peace Facility","European Commission, FPI - Service for Foreign Policy Instruments",Open,,"LOT 4 - EPF/2025/59 - NFM POLAND",,LOT-0004,,"NFM POLAND SPOLKA Z ORGANICZONA ODPWIEDZIALNOSCIA",," "," ",
664044-2025,"09/10/2025 (UTC+02)","Belgium – Security, fire-fighting, police and defence equipment – Framework Contract (5 lots) for the supply of medical facilities, vehicles and individual equipment for partner armed forces supported by the European Peace Facility","European Commission, FPI - Service for Foreign Policy Instruments",Open,,"LOT 4 - EPF/2025/59 - STIMPEX SA",,LOT-0004,,"STIMPEX SA",," "," ",
664044-2025,"09/10/2025 (UTC+02)","Belgium – Security, fire-fighting, police and defence equipment – Framework Contract (5 lots) for the supply of medical facilities, vehicles and individual equipment for partner armed forces supported by the European Peace Facility","European Commission, FPI - Service for Foreign Policy Instruments",Open,,"LOT 4 - EPF/2025/59 - SEYNTEX",,LOT-0004,,"SEYNTEX NV",," "," ",
664044-2025,"09/10/2025 (UTC+02)","Belgium – Security, fire-fighting, police and defence equipment – Framework Contract (5 lots) for the supply of medical facilities, vehicles and individual equipment for partner armed forces supported by the European Peace Facility","European Commission, FPI - Service for Foreign Policy Instruments",Open,,"LOT 4 - EPF/2025/59 - MARCK ET BALSAN",,LOT-0004,,"MARCK ET BALSAN",," "," ",
664044-2025,"09/10/2025 (UTC+02)","Belgium – Security, fire-fighting, police and defence equipment – Framework Contract (5 lots) for the supply of medical facilities, vehicles and individual equipment for partner armed forces supported by the European Peace Facility","European Commission, FPI - Service for Foreign Policy Instruments",Open,,"LOT 5 - EPF/2025/62 - EDA",,LOT-0005,,"ECONOMAT DES ARMEES",," "," ",
664044-2025,"09/10/2025 (UTC+02)","Belgium – Security, fire-fighting, police and defence equipment – Framework Contract (5 lots) for the supply of medical facilities, vehicles and individual equipment for partner armed forces supported by the European Peace Facility","European Commission, FPI - Service for Foreign Policy Instruments",Open,,"LOT 5 - EPF/2025/62 - THEON",,LOT-0005,,"THEON SENSORS SINGLE MEMBER COMMERCIAL AND INDUSTRIAL Société Anonyme",," "," ",
664044-2025,"09/10/2025 (UTC+02)","Belgium – Security, fire-fighting, police and defence equipment – Framework Contract (5 lots) for the supply of medical facilities, vehicles and individual equipment for partner armed forces supported by the European Peace Facility","European Commission, FPI - Service for Foreign Policy Instruments",Open,,"LOT 5 - EPF/2025/62 - OPTICOELECTRON",,LOT-0005,,"OPTICOELECTRON GROUP JSCo.",," "," ",
664044-2025,"09/10/2025 (UTC+02)","Belgium – Security, fire-fighting, police and defence equipment – Framework Contract (5 lots) for the supply of medical facilities, vehicles and individual equipment for partner armed forces supported by the European Peace Facility","European Commission, FPI - Service for Foreign Policy Instruments",Open,,"LOT 5 - EPF/2025/62 - DMEXS GROUP",,LOT-0005,,"DMEXS GROUP",," "," ",
664044-2025,"09/10/2025 (UTC+02)","Belgium – Security, fire-fighting, police and defence equipment – Framework Contract (5 lots) for the supply of medical facilities, vehicles and individual equipment for partner armed forces supported by the European Peace Facility","European Commission, FPI - Service for Foreign Policy Instruments",Open,,"LOT 5 - EPF/2025/62 - ACTINBLACK",,LOT-0005,,"ACTINBLACK EUROPE SARL",," "," ",
664044-2025,"09/10/2025 (UTC+02)","Belgium – Security, fire-fighting, police and defence equipment – Framework Contract (5 lots) for the supply of medical facilities, vehicles and individual equipment for partner armed forces supported by the European Peace Facility","European Commission, FPI - Service for Foreign Policy Instruments",Open,,,,LOT-0002,,"Not Awarded",," "," ",
664216-2025,"09/10/2025 (UTC+02)","Bosnia and Herzegovina – Electrical machinery, apparatus, equipment and consumables; lighting – Supply of equipment and consumablesfor for DNA testing","European Commission, ENEST - Enlargement and Eastern Neighbourhood",Open,,2025/487-141,,LOT-0001,,"ADAY GRUP INSAAT TAAHHUT TURIZM HAYVANCILIK VE TARIM DANISMANLIGI TIC. LTD. STI.","126 000,00",,,EUR
665017-2025,"10/10/2025 (UTC+02)","Germany – Supply services of personnel including temporary staff – Bereitstellung von Zeitarbeitskräfte für das JRC Karlsruhe","Europäische Kommission, Gemeinsame Forschungsstelle (JRC)",Open,,,,LOT-0001,,"Not Awarded",," "," ",
665298-2025,"10/10/2025 (UTC+02)","Tajikistan – 4-wheel-drive vehicles – Supplies to support energy sector in the Republic of Tajikistan","European Union, represented by the European Commission on behalf of and for the account of Tajikistan",Open,,487123,,LOT-0001,,"LLC Nuri Bakht","124 000,00",,,EUR
669042-2025,"13/10/2025 (UTC+02)","North Macedonia – Motor vehicles – Supply of special purpose vehicles and equipment for the State Transport Inspectorate","European Union, represented by the European Commission on behalf of and for the account of North Macedonia",Open,,"IPAIII 2025/487-385",,LOT-0002,,"AVTO ENGINEERING HOLDING GROUP OOD","488 698,00",,,EUR
673289-2025,"14/10/2025 (UTC+02)","Timor-Leste – Development consultancy services – Strengthening Public Finance Management in Timor Leste","European Commission, INTPA - International Partnerships",Restricted,,"NDICI ASIA/2025/483-386",,LOT-0001,,"DAI GLOBAL BELGIUM","2 774 900,00",,,EUR
674819-2025,"14/10/2025 (UTC+02)","Burundi – Marketing management consultancy services – Communication stratégique UE Burundi - Renforcer l’image et la perception de l’Union européenne au Burundi","European Union, represented by the European Commission on behalf of and for the account of Burundi","Negotiated without prior call for competition",,PC-52892,,LOT-0001,,"PARTICIP GMBH","1 521 600,00",,,EUR
676333-2025,"15/10/2025 (UTC+02)","North Macedonia – IT services: consulting, software development, Internet and support – Strengthening the capacity of the National Bank to deal with external statistics, and the payment system and statistics","European Union, represented by the European Commission on behalf of and for the account of North Macedonia",Restricted,,"IPA III-ENEST/2025/483815",,LOT-0001,,"TRADE COMPANY FOR PRODUCTION, SERVICES AND TRADE ASEE DOOEL SKOPJE---ASSECO SEE DOO BEOGRAD","1 195 000,00",,,EUR
676817-2025,"15/10/2025 (UTC+02)","Türkiye – Development consultancy services – Technical Assistance to Monitor the Performance of EU Support to Refugees in Türkiye","European Commission, ENEST.C - Neighbourhood East & Türkiye",Restricted,,"IPA III 2024 / 461-735",,LOT-0001,,"GOPA WORLDWIDE CONSULTANTS GMBH---GOPA Danismanlik Limited Sirketi---INTEGRATION INTERNATIONAL MANAGEMENT CONSULTANTS GMBH---IPCEU ULUSLARARASI DANISMANLIGI ANONIM SIRKETI","6 981 000,00",,,EUR
681932-2025,"16/10/2025 (UTC+02)","Chad, Belgium – Security services – Services de sécurité pour la délégation de l’Union européenne au Tchad et le bureau au Tchad de la Direction Générale de la Commission Européenne de la Protection Civile et Opérations d’Aide Humanitaire Européennes (ECHO)","European External Action Service (EEAS), Commission européenne, DG ECHO - European Civil Protection and Humanitarian Aid Operations (ECHO)","Negotiated with prior publication of a call for competition / competitive with negotiation",,"EEAS/DELTCDN/2024/CPN/0176-2025",,LOT-0001,,"KGS (KARDA GLOBAL SECURITY)---PLATINUM AVIATION SERVICES AB",," "," ",
682682-2025,"16/10/2025 (UTC+02)","Belgium, France, Latvia, Sweden, Greece, Italy, Ireland, Luxembourg, Slovakia, Netherlands, Hungary, Austria, Slovenia, Spain – Public relations services – Media relations and outreach activities","European Commission, DG COMM - Communication, EP - European Parliament, European External Action Service (EEAS), OMBUDSMAN - European Ombudsman, The General Secretariat of the Council of the European Union, Agence Exécutive du Conseil Européen de la Recherche, European Climate, Infrastructure and Environment Executive Agency (CINEA), European Education and Culture Executive Agency (EACEA), European Innovation Council and SMEs Executive Agency (EISMEA), Agency for Support for BEREC (BEREC Office), Chips Joint Undertaking, Clean Hydrogen Joint Undertaking, Europe's Rail Joint Undertaking, European Centre for Disease Prevention and Control, European Centre for the Development of Vocational Training, European Food Safety Authority, European Foundation for the Improvement of Living and Working Conditions, European Investment Bank, European Labour Authority (ELA), European Medicines Agency, European Public Prosecutor’s Office, European Securities and Markets Authority, European Training Foundation (ETF), European Union Agency For Law Enforcement Training, European Union Agency for Criminal Justice Cooperation (Eurojust), European Union Agency for Cybersecurity (ENISA), European Union Agency for Fundamental Rights, European Union Agency for Law Enforcement Cooperation, European Union Agency for the Cooperation of Energy Regulators, European Union Intellectual Property Office, F4E - Fusion for Energy Joint Undertaking, Innovative Health Initiative Joint Undertaking (IHI JU), Committee of the Regions of the European Union, European Economic and Social Committee",Open,,EC-COMM/2025/OP/0051,,LOT-0001,,"ICF NEXT S.A.",," "," ",
686923-2025,"20/10/2025 (UTC+02)","Germany – Mass spectrometer – Supply of an Electrochemical coupled Mass Spectrometer for measurement of electrolytic product for the JRC Karlsruhe","European Commission, DG JRC - Joint Research Centre",Open,,"300139991-2025-10 KAR DE",,LOT-0001,,"Spectro Inlets ApS","126 750,00",,,EUR
687438-2025,"20/10/2025 (UTC+02)","Belgium – Financial consultancy services – New European Bauhaus Innovative Funding Advisory Hub","European Commission, DG JRC - Joint Research Centre",Open,,300126968,,LOT-0001,,"RAMBOLL MANAGEMENT, CONSULTING---NTT DATA BELGIQUE","460 000,00",,,EUR
690548-2025,"21/10/2025 (UTC+02)","Czechia, Belgium – Cleaning services – Cleaning services in EU House in Prague","European Commission, DG COMM - Communication, EP - European Parliament",Open,,EC-COMM/PRG/2024/OP/0013,,LOT-0001,,"ATAK - Úklidový servis s.r.o.",," "," ",
690965-2025,"21/10/2025 (UTC+02)","Italy – Construction materials and associated items – Contratto quadro per la fornitura di materiale termoidraulico, di ferramenta e edilizia leggera per il CCR Ispra.","Commissione europea, Centro comune di ricerca (JRC)",Open,"yes, yes",CCR.505,,LOT-0001,,"RONDELLA SRL","568 298,64",,,EUR
690965-2025,"21/10/2025 (UTC+02)","Italy – Construction materials and associated items – Contratto quadro per la fornitura di materiale termoidraulico, di ferramenta e edilizia leggera per il CCR Ispra.","Commissione europea, Centro comune di ricerca (JRC)",Open,"yes, yes",CCR.506,,LOT-0001,,"FELICE FAIAZZA SRL","708 292,25",,,EUR
692321-2025,"21/10/2025 (UTC+02)","Belgium – Business and management consultancy and related services – Support to the management of the Smart Specialisation Community of Practice - 2025CE16BAT006","European Commission, DG REGIO - Regional and Urban Policy",Open,,2025CE16BAT006,,LOT-0001,,"TIPIK COMMUNICATION AGENCY SA---iO Belgium---PROGNOS AG---T33 SRL---ECORYS EUROPE EEIG - GEIE---GAC","4 663 730,00",,,EUR
694659-2025,"22/10/2025 (UTC+02)","Luxembourg, Belgium – Courier services – Transport du courrier rapide","Commission européenne, OIL - Office Infrastructures et Logistique à Luxembourg, Cour de justice de l’Union européenne, Cour des comptes, EP - European Parliament, Secrétariat général du Conseil de l'Union européenne, European Defence Agency, European Public Prosecutor’s Office, European Schools, Translation Centre for the Bodies of the European Union, Committee of the Regions of the European Union, European Economic and Social Committee, ESM - European Stability Mechanism",Open,,EC-OIL/2025/OP/0002,,LOT-0002,,"DHL INTERNATIONAL",," "," ",
695059-2025,"22/10/2025 (UTC+02)","Luxembourg – Alpha beta counters – Purchase and maintenance of multiple channel low-level gas-flow proportional alpha-beta counter","European Commission, DG ENER - Energy",Open,,4500121509,,LOT-0001,,"BERTHOLD TECHNOLOGIES (BELGIUM)","61 810,00",,,EUR
695070-2025,"22/10/2025 (UTC+02)","Luxembourg, Belgium – Courier services – Transport du courrier rapide","Commission européenne, OIL - Office Infrastructures et Logistique à Luxembourg, Cour de justice de l’Union européenne, Cour des comptes, EP - European Parliament, Secrétariat général du Conseil de l'Union européenne, European Defence Agency, European Public Prosecutor’s Office, European Schools, Translation Centre for the Bodies of the European Union, Committee of the Regions of the European Union, European Economic and Social Committee, ESM - European Stability Mechanism",Open,,EC-OIL/2025/OP/0002,,LOT-0001,,"DHL INTERNATIONAL",," "," ",
695738-2025,"22/10/2025 (UTC+02)","Belgium – Printed books, brochures and leaflets – Raamcontract voor het leveren van drukwerk, layout werkzaamheden, grafische ontwerpen (DTP), wrappen en bestickering","Europese Commissie, Directoraat-generaal GCO - Gemeenschappelijk Centrum voor Onderzoek",Open,,,,LOT-0001,,"Not Awarded",," "," ",
696123-2025,"22/10/2025 (UTC+02)","Belgium – Archive services – Prestations de gestion de documents et d’archives et les services associés","Commission européenne, OIB - Office for Infrastructure and Logistics in Brussels",Open,,EC-OIB/2024/OP/0071,,LOT-0001,,"NUMEN EUROPE SA---LAB LUXEMBOURG SA---Exquando---EOWIN",," "," ",
696674-2025,"22/10/2025 (UTC+02)","Luxembourg – Health services – Whole Body Counter measurements for committed effective dose assessment of exposed workers","European Commission, DG ENER - Energy",Open,,4500124826,,LOT-0001,,"KARLSRUHER INSTITUT FUER TECHNOLOGIE","203 140,00",,,EUR
696883-2025,"22/10/2025 (UTC+02)","Zambia – Research and development services and related consultancy services – Trade in services- COMESA","European Commission, INTPA - International Partnerships",Restricted,,,,LOT-0001,,"Not Awarded",," "," ",
696900-2025,"22/10/2025 (UTC+02)","Luxembourg, Belgium – Courier services – Transport du courrier rapide","Commission européenne, OIL - Office Infrastructures et Logistique à Luxembourg, Cour de justice de l’Union européenne, Cour des comptes, EP - European Parliament, Secrétariat général du Conseil de l'Union européenne, European Defence Agency, European Public Prosecutor’s Office, European Schools, Translation Centre for the Bodies of the European Union, Committee of the Regions of the European Union, European Economic and Social Committee, ESM - European Stability Mechanism",Open,,EC-OIL/2025/OP/0002,,LOT-0003,,"DHL INTERNATIONAL",," "," ",
697392-2025,"22/10/2025 (UTC+02)","Luxembourg, Belgium – Courier services – Transport du courrier rapide","Commission européenne, OIL - Office Infrastructures et Logistique à Luxembourg, Cour de justice de l’Union européenne, Cour des comptes, EP - European Parliament, Secrétariat général du Conseil de l'Union européenne, European Defence Agency, European Public Prosecutor’s Office, European Schools, Translation Centre for the Bodies of the European Union, Committee of the Regions of the European Union, European Economic and Social Committee, ESM - European Stability Mechanism",Open,,EC-OIL/2025/OP/0002,,LOT-0004,,"DHL INTERNATIONAL",," "," ",
697711-2025,"22/10/2025 (UTC+02)","Luxembourg – Nuclear evaluation instruments – Framework supply contract regarding High resolution CZT detectors","European Commission, DG ENER - Energy",Open,,"SI2.4577 - EC-ENER/LUX/2025/OP/0030-ENER/E1/2025-499",,LOT-0001,,Scannix,," "," ",
697769-2025,"22/10/2025 (UTC+02)","Mauritania – Supporting services for the government – Appuis à la digitalisation du secteur santé en Mauritanie","Commission européenne, INTPA - International Partnerships",Restricted,,"NDICI AFRICA/2025/487-295",,LOT-0001,,"Ginger International---GINGER SOFRECO---BLUE SQUARE","1 518 800,00",,,EUR
698843-2025,"23/10/2025 (UTC+02)","Belgium – IT services: consulting, software development, Internet and support – Secure Operations of DG TAXUD’s Central and Distributed Digital Information Systems (TAXUD-OPS)","European Commission, DG TAXUD - Taxation and Customs Union",Open,,TAXUD/2025/CC/185,,LOT-0002,,"INTERNATIONAL BUSINESS MACHINES OF BELGIUM",," "," ",
699353-2025,"23/10/2025 (UTC+02)","Belgium – Research and development services and related consultancy services – Digital Twin for Reconstruction: Innovative AI-powered solutions for urban reconstruction","European Commission, DG CNECT - Communications Networks, Content and Technology",Open,,,,LOT-0001,,"Not Awarded",," "," ",
700910-2025,"23/10/2025 (UTC+02)","Belgium – Business services: law, marketing, consulting, recruitment, printing and security – Support to the network of Ambassadors for #DiversityInTransport","European Commission, DG MOVE - Mobility and Transport",Open,,EC-MOVE/2025/OP/0032,,LOT-0001,,"PPMI Group---VERIAN GROUP BELGIUM SA",," "," ",
701026-2025,"23/10/2025 (UTC+02)","Belgium – IT services: consulting, software development, Internet and support – Secure Operations of DG TAXUD’s Central and Distributed Digital Information Systems (TAXUD-OPS)","European Commission, DG TAXUD - Taxation and Customs Union",Open,,TAXUD/2025/CC/184,,LOT-0001,,"EVIDEN BELGIUM",," "," ",
703981-2025,"24/10/2025 (UTC+02)","Belgium – Security, fire-fighting, police and defence equipment – Framework Contract (5 lots) for the supply of medical facilities, vehicles and individual equipment for partner armed forces supported by the European Peace Facility","European Commission, FPI - Service for Foreign Policy Instruments",Open,,"LOT 1-EPF/2025/60-UTILIS",,LOT-0001,,"UTILIS SAS",," "," ",
703981-2025,"24/10/2025 (UTC+02)","Belgium – Security, fire-fighting, police and defence equipment – Framework Contract (5 lots) for the supply of medical facilities, vehicles and individual equipment for partner armed forces supported by the European Peace Facility","European Commission, FPI - Service for Foreign Policy Instruments",Open,,"LOT 1 EPF/2025/60 FINCANTIERI SPA",,LOT-0001,,"FINCANTIERI INFRASTRUTTURE SOCIALI S.P.A.",," "," ",
703981-2025,"24/10/2025 (UTC+02)","Belgium – Security, fire-fighting, police and defence equipment – Framework Contract (5 lots) for the supply of medical facilities, vehicles and individual equipment for partner armed forces supported by the European Peace Facility","European Commission, FPI - Service for Foreign Policy Instruments",Open,,"LOT 1 EPF/2025/60 EQUIPOS MOVILES",,LOT-0001,,"EQUIPOS MOVILES DE CAMPANA ARPA SA",," "," ",
703981-2025,"24/10/2025 (UTC+02)","Belgium – Security, fire-fighting, police and defence equipment – Framework Contract (5 lots) for the supply of medical facilities, vehicles and individual equipment for partner armed forces supported by the European Peace Facility","European Commission, FPI - Service for Foreign Policy Instruments",Open,,"LOT 1 EPF/2025/60 ONEMED SVERIGE",,LOT-0001,,"ONEMED SVERIGE AB",," "," ",
703981-2025,"24/10/2025 (UTC+02)","Belgium – Security, fire-fighting, police and defence equipment – Framework Contract (5 lots) for the supply of medical facilities, vehicles and individual equipment for partner armed forces supported by the European Peace Facility","European Commission, FPI - Service for Foreign Policy Instruments",Open,,"LOT 3 - EPF/2025/61 - EDA",,LOT-0003,,"ECONOMAT DES ARMEES",," "," ",
703981-2025,"24/10/2025 (UTC+02)","Belgium – Security, fire-fighting, police and defence equipment – Framework Contract (5 lots) for the supply of medical facilities, vehicles and individual equipment for partner armed forces supported by the European Peace Facility","European Commission, FPI - Service for Foreign Policy Instruments",Open,,"LOT 3 - EPF/2025/61 - SEYNTEX",,LOT-0003,,"SEYNTEX NV",," "," ",
703981-2025,"24/10/2025 (UTC+02)","Belgium – Security, fire-fighting, police and defence equipment – Framework Contract (5 lots) for the supply of medical facilities, vehicles and individual equipment for partner armed forces supported by the European Peace Facility","European Commission, FPI - Service for Foreign Policy Instruments",Open,,"LOT 3 - EPF/2025/61 - MARCK ET BALSAN",,LOT-0003,,"MARCK ET BALSAN",," "," ",
703981-2025,"24/10/2025 (UTC+02)","Belgium – Security, fire-fighting, police and defence equipment – Framework Contract (5 lots) for the supply of medical facilities, vehicles and individual equipment for partner armed forces supported by the European Peace Facility","European Commission, FPI - Service for Foreign Policy Instruments",Open,,"LOT 4 - EPF/2025/59 - EDA",,LOT-0004,,"ECONOMAT DES ARMEES",," "," ",
703981-2025,"24/10/2025 (UTC+02)","Belgium – Security, fire-fighting, police and defence equipment – Framework Contract (5 lots) for the supply of medical facilities, vehicles and individual equipment for partner armed forces supported by the European Peace Facility","European Commission, FPI - Service for Foreign Policy Instruments",Open,,"LOT 4 - EPF/2025/59 - NFM POLAND",,LOT-0004,,"NFM POLAND SPOLKA Z ORGANICZONA ODPWIEDZIALNOSCIA",," "," ",
703981-2025,"24/10/2025 (UTC+02)","Belgium – Security, fire-fighting, police and defence equipment – Framework Contract (5 lots) for the supply of medical facilities, vehicles and individual equipment for partner armed forces supported by the European Peace Facility","European Commission, FPI - Service for Foreign Policy Instruments",Open,,"LOT 4 - EPF/2025/59 - STIMPEX SA",,LOT-0004,,"STIMPEX SA",," "," ",
703981-2025,"24/10/2025 (UTC+02)","Belgium – Security, fire-fighting, police and defence equipment – Framework Contract (5 lots) for the supply of medical facilities, vehicles and individual equipment for partner armed forces supported by the European Peace Facility","European Commission, FPI - Service for Foreign Policy Instruments",Open,,"LOT 4 - EPF/2025/59 - SEYNTEX",,LOT-0004,,"SEYNTEX NV",," "," ",
703981-2025,"24/10/2025 (UTC+02)","Belgium – Security, fire-fighting, police and defence equipment – Framework Contract (5 lots) for the supply of medical facilities, vehicles and individual equipment for partner armed forces supported by the European Peace Facility","European Commission, FPI - Service for Foreign Policy Instruments",Open,,"LOT 4 - EPF/2025/59 - MARCK ET BALSAN",,LOT-0004,,"MARCK ET BALSAN",," "," ",
703981-2025,"24/10/2025 (UTC+02)","Belgium – Security, fire-fighting, police and defence equipment – Framework Contract (5 lots) for the supply of medical facilities, vehicles and individual equipment for partner armed forces supported by the European Peace Facility","European Commission, FPI - Service for Foreign Policy Instruments",Open,,"LOT 5 - EPF/2025/62 - EDA",,LOT-0005,,"ECONOMAT DES ARMEES",," "," ",
703981-2025,"24/10/2025 (UTC+02)","Belgium – Security, fire-fighting, police and defence equipment – Framework Contract (5 lots) for the supply of medical facilities, vehicles and individual equipment for partner armed forces supported by the European Peace Facility","European Commission, FPI - Service for Foreign Policy Instruments",Open,,"LOT 5 - EPF/2025/62 - THEON",,LOT-0005,,"THEON SENSORS SINGLE MEMBER COMMERCIAL AND INDUSTRIAL Société Anonyme",," "," ",
703981-2025,"24/10/2025 (UTC+02)","Belgium – Security, fire-fighting, police and defence equipment – Framework Contract (5 lots) for the supply of medical facilities, vehicles and individual equipment for partner armed forces supported by the European Peace Facility","European Commission, FPI - Service for Foreign Policy Instruments",Open,,"LOT 5 - EPF/2025/62 - OPTICOELECTRON",,LOT-0005,,"OPTICOELECTRON GROUP JSCo.",," "," ",
703981-2025,"24/10/2025 (UTC+02)","Belgium – Security, fire-fighting, police and defence equipment – Framework Contract (5 lots) for the supply of medical facilities, vehicles and individual equipment for partner armed forces supported by the European Peace Facility","European Commission, FPI - Service for Foreign Policy Instruments",Open,,"LOT 5 - EPF/2025/62 - DMEXS GROUP",,LOT-0005,,"DMEXS GROUP",," "," ",
703981-2025,"24/10/2025 (UTC+02)","Belgium – Security, fire-fighting, police and defence equipment – Framework Contract (5 lots) for the supply of medical facilities, vehicles and individual equipment for partner armed forces supported by the European Peace Facility","European Commission, FPI - Service for Foreign Policy Instruments",Open,,"LOT 5 - EPF/2025/62 - ACTINBLACK",,LOT-0005,,"ACTINBLACK EUROPE SARL",," "," ",
703981-2025,"24/10/2025 (UTC+02)","Belgium – Security, fire-fighting, police and defence equipment – Framework Contract (5 lots) for the supply of medical facilities, vehicles and individual equipment for partner armed forces supported by the European Peace Facility","European Commission, FPI - Service for Foreign Policy Instruments",Open,,,,LOT-0002,,"Not Awarded",," "," ",
706399-2025,"27/10/2025 (UTC+01)","Kosovo – Business development consultancy services – Support to Market Surveillance and Consumer Protection","European Union, represented by the European Commission on behalf of and for the account of Kosovo *",Restricted,,,,LOT-0001,,"Not Awarded",," "," ",
706897-2025,"27/10/2025 (UTC+01)","Luxembourg – Emission measurement equipment – Framework Contract for Data acquisitions and components for radiation detectors","European Commission, DG ENER - Energy","Negotiated without prior call for competition",,"FWC EC-ENER/LUX/2025/NP/0065",,LOT-0001,,"MIRION TECHNOLOGIES (CANBERRA BNLS)",," "," ",
707011-2025,"27/10/2025 (UTC+01)","Belgium – Business and management consultancy and related services – PP - EU Substitution Centre - Brominated flame retardants used in construction, automotive and cables applications","European Commission, DG GROW - Internal Market, Industry, Entrepreneurship and SMEs",Open,,"Ares(2025)9071277",,LOT-0001,,"AIMPLAS - ASOCIACION DE INVESTIGACION DE MATERIALES PLASTICOS Y CONEXAS","362 450,00",,,EUR
707277-2025,"27/10/2025 (UTC+01)","Italy – Special-purpose road passenger-transport services – Affidamento della gestione del servizio di trasporto scolastico per gli alunni delle scuole dell’infanzia, primaria e secondaria di I grado del Comune di Cavriglia e del servizio di trasporto scolastico “a porte aperte periodo 09 24 - 08 27","COMUNE DI CAVRIGLIA",Open,,,,LOT-0001,,"Not Awarded",," "," ",
712005-2025,"28/10/2025 (UTC+01)","Belgium – Research and development consultancy services – EU Road Safety Exchange +","European Commission, DG MOVE - Mobility and Transport",Open,,"FV25_98#MOVE.C2#PO#4500130173 (EC-MOVE/2025/OP/0012)",,LOT-0001,,"EUROPEAN TRANSPORT SAFETY COUNCIL","974 020,00",,,EUR
714484-2025,"29/10/2025 (UTC+01)","Belgium, France, Spain, Greece, Finland, Ireland, Lithuania, Germany, Slovakia, Austria, Portugal – Public-opinion polling services – Flash Eurobarometer Surveys","European Commission, DG COMM - Communication, EP - European Parliament, OMBUDSMAN - European Ombudsman, European Innovation Council and SMEs Executive Agency (EISMEA), European Research Executive Agency (REA), Clean Hydrogen Joint Undertaking, European Agency for Safety and Health at Work (EU-OSHA), European Centre for the Development of Vocational Training, European Chemicals Agency, European Foundation for the Improvement of Living and Working Conditions, European Institute for Gender Equality, European Insurance and Occupational Pensions Authority, European Labour Authority (ELA), European Union Agency for Cybersecurity (ENISA), European Union Agency for Fundamental Rights, European Union Drugs Agency, Committee of the Regions of the European Union",Open,"no, no","EC-COMM/2025/OP/0232 - 2",,LOT-0001,,"Ipsos N.V.",," "," ",
714484-2025,"29/10/2025 (UTC+01)","Belgium, France, Spain, Greece, Finland, Ireland, Lithuania, Germany, Slovakia, Austria, Portugal – Public-opinion polling services – Flash Eurobarometer Surveys","European Commission, DG COMM - Communication, EP - European Parliament, OMBUDSMAN - European Ombudsman, European Innovation Council and SMEs Executive Agency (EISMEA), European Research Executive Agency (REA), Clean Hydrogen Joint Undertaking, European Agency for Safety and Health at Work (EU-OSHA), European Centre for the Development of Vocational Training, European Chemicals Agency, European Foundation for the Improvement of Living and Working Conditions, European Institute for Gender Equality, European Insurance and Occupational Pensions Authority, European Labour Authority (ELA), European Union Agency for Cybersecurity (ENISA), European Union Agency for Fundamental Rights, European Union Drugs Agency, Committee of the Regions of the European Union",Open,"no, no","EC-COMM/2025/OP/0232 - 1",,LOT-0001,,"Demoscopy SRL---IFOP SAS---Cint Deutschland GmbH",," "," ",
715301-2025,"29/10/2025 (UTC+01)","Belgium – Business and management consultancy and related services – New European Bauhaus activities (2024CE160AT223)","European Commission, DG REGIO - Regional and Urban Policy",Open,,2024CE160AT223,,LOT-0001,,"RAMBOLL MANAGEMENT CONSULTING AS---GOPA COM.---VO EUROPE---EUROVERTICE CONSULTORES SL",," "," ",
718220-2025,"30/10/2025 (UTC+01)","Belgium – General management consultancy services – Framework contract for the provision of services to support the implementation of the Single European Sky policy","European Commission, DG MOVE - Mobility and Transport",Open,,EC-MOVE/2024/OP/0052,,LOT-0001,,"INTEGRA CONSULT AS---ALG GLOBAL INFRASTRUCTURE ADVISORSSLU",," "," ",
723843-2025,"03/11/2025 (UTC+01)","Belgium – Custom software development services – Age Verification solution - additional support to Member States","European Commission, DG CNECT - Communications Networks, Content and Technology","Negotiated without prior call for competition",,4500075543,,LOT-0001,,"SCYTALES AB---T-SYSTEMS INTERNATIONAL GMBH","998 157,00",,,EUR
724347-2025,"03/11/2025 (UTC+01)","Mozambique – Technical support services – Contract Amendment: Technical assistance in support of trade and development in Mozambique – Promove Comércio, CTR FED/2022/433-462","European Commission, INTPA - International Partnerships","Negotiated without prior call for competition",,FED/2022/433-462,,LOT-0001,,"DAI GLOBAL BELGIUM","300 000,00",,,EUR
725883-2025,"03/11/2025 (UTC+01)","Belgium – Training services – Host Nation Support tabletop exercises outside the EU","European Commission, DG ECHO - European Civil Protection and Humanitarian Aid Operations (ECHO)",Open,,ECHO/SER/2025/4500124833,,LOT-0001,,"Resilience Solutions Resch e.U.---Talent Development Support---MINISTERE DE L'INTERIEUR---SERVICE PUBLIC FEDERAL INTERIEUR---CRISIS MANAGEMENT STATE ACADEMY","1 099 964,00",,,EUR
729481-2025,"04/11/2025 (UTC+01)","Belgium – Refuse and waste related services – Collection, transport and processing of conventional and hazardous waste","European Commission, DG JRC - Joint Research Centre",Open,,CCR.500,,LOT-0001,,"Veolia Environmental Services BE",," "," ",
730459-2025,"05/11/2025 (UTC+01)","North Macedonia – Motor vehicles – Supply of special purpose vehicles and equipment for the State Transport Inspectorate","European Union, represented by the European Commission on behalf of and for the account of North Macedonia",Open,,"IPAIII 2025/487-562",,LOT-0001,,"Excelor Holding Group","74 859,00",,,EUR
731973-2025,"05/11/2025 (UTC+01)","Belgium – Business and management consultancy and related services – Provide the European Commission with expertise and technical support in managing and further developing the REGIO Transnational Network (TN) on Simplification and in promoting the use of performance and output-based approaches","European Commission, DG REGIO - Regional and Urban Policy",Open,,2025CE16BAT019,,LOT-0001,,"T33 SRL---PPMI Group","583 237,50",,,EUR
733374-2025,"05/11/2025 (UTC+01)","North Macedonia – Motor vehicles – Supply of special purpose vehicles and equipment for the State Transport Inspectorate","European Union, represented by the European Commission on behalf of and for the account of North Macedonia",Open,,"IPAIII 2025/487-562",,LOT-0003,,"Excelor Holding Group","44 811,97",,,EUR
733886-2025,"05/11/2025 (UTC+01)","Zambia – Research and development services and related consultancy services – EC-INTPA/LUN/2025/EA-RP/0108 - Global Gateway Campaign Services Zam","European Commission, INTPA - International Partnerships",Restricted,,,,LOT-0001,,"Not Awarded",," "," ",
735062-2025,"06/11/2025 (UTC+01)","South Sudan – Development consultancy services – Cooperation Facility 2026-2028 South Sudan (PC-43270)","European Commission, INTPA - International Partnerships","Negotiated without prior call for competition",,"Cooperation Facility 2026-2028 for South Sudan -JAD.1428072",,LOT-0001,,"LANDELL MILLS INTERNATIONAL LIMITED","3 750 240,00",,,EUR
735943-2025,"06/11/2025 (UTC+01)","Thailand – Business services: law, marketing, consulting, recruitment, printing and security – EU-Asia cooperation on competition and subsidies control","European Commission, INTPA - International Partnerships",Restricted,,"NDICI ASIA/2025/486-881",,LOT-0001,,"SD POLICIES LIMITED---EMERGING MARKETS INTERNATIONAL","3 902 500,00",,,EUR
737455-2025,"06/11/2025 (UTC+01)","Belgium – Business services: law, marketing, consulting, recruitment, printing and security – Mid-term evaluation of JASPERS","European Commission, DG REGIO - Regional and Urban Policy",Open,,2024CE16BAT070,,LOT-0001,,"ISMERI EUROPA - ISTITUTO DI RICERCA INTERDISCIPLINARE SRL---APPLICA SPRL---Quadrant Conseil","323 800,00",,,EUR
738351-2025,"07/11/2025 (UTC+01)","Germany – Laboratory, optical and precision equipments (excl. glasses) – Supply of a flexible powder diffractometer for the JRC Karlsruhe","European Commission, DG JRC - Joint Research Centre",Open,,"300140794-2025-10 KAR DE",,LOT-0001,,"BRUKER AXS GMBH","345 000,00",,,EUR
739250-2025,"07/11/2025 (UTC+01)","Netherlands – Machines and apparatus for testing and measuring – NL-Petten: Supply test machines for small size test pieces (small punch) in the nuclear fields and related services of maintenance.","European Commission, DG JRC - Joint Research Centre",Open,,CCR.511,,LOT-0001,,"ZwickRoell Testing Systems GmbH",," "," ",
739432-2025,"07/11/2025 (UTC+01)","Belgium – Research and development services and related consultancy services – Advisory services on education and skills, and culture","European Commission, INTPA - International Partnerships",Restricted,,EC-INTPA/2025/EA-RP/0009,,LOT-0001,,"INTEGRATION INTERNATIONAL MANAGEMENT CONSULTANTS GMBH---CESO CI INTERNACIONAL SA---EURO MEDITERRANEAN ECONOMIST ASSOCIATION","3 254 300,00",,,EUR
740396-2025,"07/11/2025 (UTC+01)","Belgium – Mass spectrometer – Upgrade of TSQ mass spectrometer","European Commission, DG JRC - Joint Research Centre","Negotiated without prior call for competition",,05/11/2025,,LOT-0001,,"INTERSCIENCE BELGIUM SPRL","178 949,00",,,EUR
741198-2025,"07/11/2025 (UTC+01)","Belgium – Rubber and plastic materials – Supply of glovebox consumables","European Commission, DG JRC - Joint Research Centre",Open,,,,LOT-0001,,"Not Awarded",," "," ",
743507-2025,"10/11/2025 (UTC+01)","Luxembourg – Health services – Radio-toxicological analyses of bioassay samples for committed effective dose assessment of exposed workers","European Commission, DG ENER - Energy",Open,,4500125245,,LOT-0001,,"FORSCHUNGSZENTRUM JULICH GMBH","572 300,00",,,EUR
744084-2025,"10/11/2025 (UTC+01)","Ukraine – General public services – Support to align Ukrainian legislation, policies and institutions with EU acquis in agriculture and rural development (IPRSA III)","European Union, represented by the European Commission on behalf of and for the account of Ukraine",Restricted,,"ENEST-UA FACILITY/2025/487-335",,LOT-0001,,"NIRAS SWEDEN AB---NIRAS IC SP ZOO---CONSIGLIO PER LA RICERCA IN AGRICOLTURA E L'ANALISI DELL'ECONOMIA AGRARIA","7 505 150,00",,,EUR
747226-2025,"11/11/2025 (UTC+01)","Jordan – Administrative services for business operations – Technical Assistance to the Jordan Food and Drug Administration (JFDA)","European Commission, MENA.B.1 - Lebanon, Syria, Jordan, Iraq and Iran",Restricted,,,,LOT-0001,,"Not Awarded",," "," ",
754037-2025,"13/11/2025 (UTC+01)","Belgium – Electricity, heating, solar and nuclear energy – Fourniture d'énergie électrique verte haute tension et basse tension pour les bâtiments de la Commission européenne (Lot A) et du Parlement européen (Lot B) situés en Région de Bruxelles-Capitale et en Région flamande","European Parliament, INLO - Directorate-General for Infrastructure and Logistics, Commission européenne, OIB - Office for Infrastructure and Logistics in Brussels",Open,,"Ares(2025)9520474",,LOT-0001,,Luminus,"14 875 553,09",,,EUR
754608-2025,"13/11/2025 (UTC+01)","Belgium – Environmental issues consultancy services – Assessment of new entrants and production level changes applications for ETS free allocation, including a Helpdesk facility","European Commission, DG CLIMA - Climate Action",Open,,300136463,,LOT-0001,,"SQ CONSULT B.V.---UMWELTBUNDESAMT GESELLSCHAFT MIT BESCHRANKTER HAFTUNG (UBA GMBH)","349 400,00",,,EUR
755873-2025,"14/11/2025 (UTC+01)","Belgium – Travel services – Erasmus+ DiscoverEU framework service contract","European Education and Culture Executive Agency (EACEA) , EACEA - European Education and Culture Executive Agency, European Commission, DG EAC - Education, Youth, Sport and Culture",Open,,SI2.4599,,LOT-0001,,"EURAIL BV---MCI BENELUX---EUROPEAN YOUTH CARD ASSOCIATION (EYCA)",," "," ",
756437-2025,"14/11/2025 (UTC+01)","Belgium, Luxembourg, Latvia, France, Poland, Sweden, Spain, Germany, Slovakia, Malta, Netherlands, Greece, Austria, Slovenia, Czechia – Computer equipment and supplies – Workstations, software and services for processing classified information","European Commission, DG HR - Human Resources and Security, Court of Justice of the European Union, European Court of Auditors, European External Action Service (EEAS), The General Secretariat of the Council of the European Union, Health and Digital Executive Agency (HaDEA), Agency for Support for BEREC (BEREC Office), EMSA - European Maritime Safety Agency, EUDA - European Union Drugs Agency, European Banking Authority, European Border and Coast Guard Agency (FRONTEX), European Centre for Disease Prevention and Control, European Defence Agency, European Fisheries Control Agency (EFCA), European Insurance and Occupational Pensions Authority, European Labour Authority (ELA), European Public Prosecutor’s Office, European Securities and Markets Authority, European Union Agency for Asylum, European Union Agency for Criminal Justice Cooperation (Eurojust), European Union Agency for Cybersecurity (ENISA), European Union Agency for Fundamental Rights, European Union Agency for Law Enforcement Cooperation, European Union Agency for the Cooperation of Energy Regulators, European Union Agency for the Space Programme, ESM - European Stability Mechanism","Negotiated without prior call for competition",,EC-HR/2024/NP/0424,,LOT-0001,,"SECUNET INTERNATIONAL GMBH",," "," ",
756598-2025,"14/11/2025 (UTC+01)","Belgium – Security services – Service de gardiennage dans les immeubles de la Commission européenne dans la région de Bruxelles-Capitale et ses environs","Commission européenne, DG HR - Human Resources and Security","Negotiated without prior call for competition",,EC-HR/2025/NP/0369,,LOT-0001,,"PROTECTION UNIT",," "," ",
756649-2025,"14/11/2025 (UTC+01)","Belgium – Technical assistance services – Data of Russian crude prices for determination of oil price cap","European Commission, DG ENER - Energy",Open,,,,LOT-0001,,"Not Awarded",," "," ",
757228-2025,"14/11/2025 (UTC+01)","Belgium – IT services: consulting, software development, Internet and support – COMPETITION PROSERV-0011-DIGIT A2 USER EXPERIENCE RESEARCHER","European Commission, DG DIGIT - Digital Services","Other multiple stage procedure",,T163954,,LOT-0001,,BECHTLE,"1 023 000,00",,,EUR
758529-2025,"17/11/2025 (UTC+01)","Italy – Repair and maintenance services – Installation of two ORTEC HpGe detectors in LMR laboratory building 20i","European Commission, DG JRC - Joint Research Centre","Negotiated without prior call for competition",,801005576,,LOT-0001,,"AMETEK SRL","210 000,00",,,EUR
761635-2025,"17/11/2025 (UTC+01)","Italy – Natural gas – Fornitura di gas naturale per uso domestico presso gli alloggi del Centro Comune di Ricerca (JRC), sito in Ispra (VA)- Italia","Commissione europea, Centro comune di ricerca (JRC)",Open,,EC-JRC/IPR/2025/OP/1498,,LOT-0001,,"AGESP ENERGIA SRL","144 297,60",,,EUR
761806-2025,"17/11/2025 (UTC+01)","Italy – Snow-clearing services – EC-JRC/IPR/2025/OP/1870 - Servizio rimozione neve e salatura","Commissione europea, Centro comune di ricerca (JRC)",Open,no,CCR.508,,LOT-0001,,"Azienda Agricola Zigaglio Franco","108 048,00",,,EUR
761834-2025,"17/11/2025 (UTC+01)","Belgium – IT services: consulting, software development, Internet and support – PROSERV-0020 - DIGIT C1 Senior Multi-Cloud Advisor","European Commission, DG DIGIT - Digital Services","Other multiple stage procedure",,T165642,,LOT-0001,,"NETWORK RESEARCH BELGIUM SA","879 989,00",,,EUR
762176-2025,"18/11/2025 (UTC+01)","Belgium – Economic research services – Analysis of developments in EU capital flows in the global context","European Commission, DG FISMA - Financial Stability, Financial Services and Capital Markets Union",Open,,FISMA/2023/OP/0009,,LOT-0001,,"CENTRE FOR EUROPEAN POLICY STUDIES",," "," ",
762241-2025,"18/11/2025 (UTC+01)","Belgium – Research and development services and related consultancy services – AI for Public Good Lot 1 (Health: Innovative AI-based cancer imaging solutions for breast and prostate diagnosis) and Lot 2 (Energy: Innovative AI-based solutions for electric grid optimization)","European Commission, DG CNECT - Communications Networks, Content and Technology",Open,,,,LOT-0001,,"Not Awarded",," "," ",
762700-2025,"18/11/2025 (UTC+01)","Belgium – Statistical services – Study 2025-001 - Connectivity Coverage in Europe 2025-2027","European Commission, DG CNECT - Communications Networks, Content and Technology",Open,,300131508,,LOT-0001,,"Grant Thornton Advisory k.s.","319 830,00",,,EUR
763579-2025,"18/11/2025 (UTC+01)","Chile – Advertising campaign services – Contrato de Comunicación estratégica de la Union Europea en Chile","Comisión Europea, INTPA - International Partnerships",Restricted,,,,LOT-0001,,"Not Awarded",," "," ",
763846-2025,"18/11/2025 (UTC+01)","Belgium – Research and development services and related consultancy services – AI for Public Good Lot 1 (Health: Innovative AI-based cancer imaging solutions for breast and prostate diagnosis) and Lot 2 (Energy: Innovative AI-based solutions for electric grid optimization)","European Commission, DG CNECT - Communications Networks, Content and Technology",Open,,,,LOT-0002,,"Not Awarded",," "," ",
764350-2025,"18/11/2025 (UTC+01)","Belgium – Evaluation consultancy services – Review of Copyright in the DSM Directive","European Commission, DG CNECT - Communications Networks, Content and Technology",Open,,300135399,,LOT-0001,,"VERIAN GROUP BELGIUM SA---CENTRE FOR STRATEGY & EVALUATION SERVICES (EUROPE) LIMITED---SPARK LEGAL AND POLICY CONSULTING BV","540 000,00",,,EUR
764776-2025,"18/11/2025 (UTC+01)","Belgium – Research and development services and related consultancy services – Study on the application and impact of Regulation (EU) 2021/1230 on cross-border payments in the Union (CBPR2)","European Commission, DG FISMA - Financial Stability, Financial Services and Capital Markets Union",Open,,EC-FISMA/2025/OP/0001,,LOT-0001,,"VERIAN GROUP BELGIUM SA---CENTRE FOR EUROPEAN POLICY STUDIES","223 725,00",,,EUR
764807-2025,"18/11/2025 (UTC+01)","Netherlands – Scanning electron microscopes – Maintenance contract for the TEM (2 years) and PFIB (4 years)","European Commission, DG JRC - Joint Research Centre","Negotiated without prior call for competition",,CCR.521,,LOT-0001,,"FEI EUROPE BV",," "," ",
768306-2025,"19/11/2025 (UTC+01)","Italy – Calibration services – Maintenance and calibration of testing equipment manufactured by AVL 2026-2030","European Commission, DG JRC - Joint Research Centre","Negotiated without prior call for competition",,300139174,,LOT-0001,,"AVL ITALIA SRL",," "," ",
770846-2025,"20/11/2025 (UTC+01)","Italy – Health and safety consultancy services – Contratto quadro di servizi per fornire assistenza al JRC di Ispra nel settore della salute e sicurezza sul lavoro: Coordinamento della sicurezza nei cantieri in fase di progettazione ed esecuzione - Centro Comune di Ricerca - sito di Ispra","Commissione europea, Centro comune di ricerca (JRC)",Open,,"CCR 518",,LOT-0001,,"STUDIO QUIRICO SRL",," "," ",
771090-2025,"20/11/2025 (UTC+01)","Italy – Calibration services – Maintenance and calibration of testing equipment manufactured by AVL 2026-2030","European Commission, DG JRC - Joint Research Centre","Negotiated without prior call for competition",,300139174,,LOT-0001,,"AVL ITALIA SRL",," "," ",
771218-2025,"20/11/2025 (UTC+01)","Luxembourg – Health services – Supply and analysis of passive radiation dosimeters and assessment of radiation exposures","European Commission, DG ENER - Energy",Open,,4500137223,,LOT-0001,,"LANDAUER EUROPE SAS","99 634,00",,,EUR
773985-2025,"21/11/2025 (UTC+01)","Bosnia and Herzegovina – Hardware – Supply of Data warehouse (DWH) and Business Intelligence (BI) solution to the Indirect Taxation Authority of Bosnia and Herzegovina (ITA BiH)","European Union, represented by the European Commission on behalf of and for the account of Bosnia and Herzegovina",Open,,2025/487-893,,LOT-0001,,"LANACO DRUSTVO SA OGRANICENOM ODGOVORNOSCU ZA INFORMACIONE TEHNOLOGIJEBANJA LUKA---Imel d.o.o. Lukavac","1 493 645,00",,,EUR
776123-2025,"24/11/2025 (UTC+01)","Montenegro – Satellite communications equipment – Supply of equipment for fisheries sector and fisheries inspectors","European Commission, ENEST - Enlargement and Eastern Neighbourhood",Open,,,,LOT-0004,,"Not Awarded",," "," ",
776145-2025,"24/11/2025 (UTC+01)","Montenegro – Satellite communications equipment – Supply of equipment for fisheries sector and fisheries inspectors","European Commission, ENEST - Enlargement and Eastern Neighbourhood",Open,,"2025 / 487352",,LOT-0003,,"COLLECTE LOCALISATION SATELLITES","147 180,00",,,EUR
776258-2025,"24/11/2025 (UTC+01)","Belgium – IT services: consulting, software development, Internet and support – IBM Cloud services for DG TAXUD","European Commission, DG DIGIT - Digital Services","Negotiated without prior call for competition",,DI-08350,,LOT-0001,,"IBM ~ INTERNATIONAL BUSINESS MACHINES OFBELGIUM","3 525 409,97",,,EUR
776411-2025,"24/11/2025 (UTC+01)","Montenegro – Satellite communications equipment – Supply of equipment for fisheries sector and fisheries inspectors","European Commission, ENEST - Enlargement and Eastern Neighbourhood",Open,,,,LOT-0002,,"Not Awarded",," "," ",
777824-2025,"24/11/2025 (UTC+01)","Mauritania – Supporting services for the government – Assistance Technique pour la facilité de coopération en Mauritanie","Commission européenne, INTPA - International Partnerships",Restricted,,"NDICI AFRICA/2022/ACT-61195",,LOT-0001,,"PROMAN SA","849 200,00",,,EUR
778548-2025,"24/11/2025 (UTC+01)","Montenegro – Satellite communications equipment – Supply of equipment for fisheries sector and fisheries inspectors","European Commission, ENEST - Enlargement and Eastern Neighbourhood",Open,,,,LOT-0001,,"Not Awarded",," "," ",
779898-2025,"25/11/2025 (UTC+01)","Mauritius – General management consultancy services – Sustainable Western Indian Ocean Programme (SWIOP) - Recruitment of Technical Assistance Team to support Regional Fisheries Management Organisations (RFMO)","European Commission, INTPA - International Partnerships",Restricted,,,,LOT-0001,,"Not Awarded",," "," ",
780841-2025,"25/11/2025 (UTC+01)","Belgium – Research and development services and related consultancy services – Research studies on the outcomes of measures supported by the Recovery and Resilience Facility in the area of education, healthcare and private investment","European Commission, DG ECFIN - Economic and Financial Affairs",Open,,801004943,,LOT-0003,,"PRICEWATERHOUSECOOPERS EU SERVICES EESV","72 000,00",,,EUR
781200-2025,"25/11/2025 (UTC+01)","Belgium – Research and development services and related consultancy services – Research studies on the outcomes of measures supported by the Recovery and Resilience Facility in the area of education, healthcare and private investment","European Commission, DG ECFIN - Economic and Financial Affairs",Open,,801004970,,LOT-0001,,"PRICEWATERHOUSECOOPERS EU SERVICES EESV","54 000,00",,,EUR
781319-2025,"25/11/2025 (UTC+01)","Belgium – Research and development services and related consultancy services – Research studies on the outcomes of measures supported by the Recovery and Resilience Facility in the area of education, healthcare and private investment","European Commission, DG ECFIN - Economic and Financial Affairs",Open,,801004971,,LOT-0002,,"PANTEIA BV---PREDICTBY RESEARCH AND CONSULTING S.L.","48 937,50",,,EUR
781681-2025,"25/11/2025 (UTC+01)","Thailand – Research and development services and related consultancy services – EU-Brunei Darussalam Partnership Facility – Phase 2","European Commission, FPI - Service for Foreign Policy Instruments",Restricted,,"NDICI ASIA FPI/2025/488-110",,LOT-0001,,"PT. TRIPPCONS INTERNASIONAL---AGRICONSULTING EUROPE S.A.---Helwa's Green Services","537 658,00",,,EUR
782931-2025,"26/11/2025 (UTC+01)","Belgium – Accounting, auditing and fiscal services – Framework contract ""Accelerated closure of open ERDF cases from Germany of 2007-2013 programming period""","European Commission, DG REGIO - Regional and Urban Policy",Open,,"Ares(2025)10262535",,LOT-0001,,"Berger Figgen Gerhold Kaminski Voß Rechtsanwälte Part mbB",," "," ",
784002-2025,"26/11/2025 (UTC+01)","Georgia – Public relations services – Strategic communication and public diplomacy of the European Union in Georgia","European Commission, ENEST.C - Neighbourhood East & Türkiye",Restricted,,2025/487-956,,LOT-0001,,"NTU INTERNATIONAL AS---PARTICIP GMBH","2 966 500,00",,,EUR
784840-2025,"26/11/2025 (UTC+01)","Belgium – Internal audit services – Audits internes annuels du système de gestion de la santé et de la sécurité au travail de la Commission européenne sur les sites de Bruxelles et de Luxembourg, 2026 - 2029","European Commission, DG HR - Human Resources and Security",Open,,,,LOT-0001,,"Not Awarded",," "," ",
785207-2025,"26/11/2025 (UTC+01)","Italy – Blood analysis services – Outsourcing of clinical laboratory tests","Commissione europea, DG HR - Human Resources and Security",Open,,SI2.4648,,LOT-0001,,"SYNLAB ITALIA S.R.L.",," "," ",
